////////////////////////////////////////////////////////////////////////
// Cult-of-GBA replacement bios                                       //
// License: MIT                                                       //
// Authors: DenSinH, Fleroviux, Sky                                   //
// Source: https://github.com/Cult-of-GBA/BIOS/                       //
// Commit-Hash: 0d9dd3e6283896eab340522d51234799d5c46626              //
////////////////////////////////////////////////////////////////////////

#pragma once

#ifndef _GBA_BIOS_
#define _GBA_BIOS_

static const UINT8 gba_bios_bin[] = {
	0x06, 0x00, 0x00, 0xea, 0x5a, 0x00, 0x00, 0xea, 0x46, 0x00, 0x00, 0xea,
	0x59, 0x00, 0x00, 0xea, 0x58, 0x00, 0x00, 0xea, 0x57, 0x00, 0x00, 0xea,
	0x3c, 0x00, 0x00, 0xea, 0x55, 0x00, 0x00, 0xea, 0x01, 0x03, 0xa0, 0xe3,
	0x08, 0x00, 0xc0, 0xe5, 0x1f, 0xf0, 0x29, 0xe3, 0x26, 0x00, 0x00, 0xeb,
	0xff, 0x00, 0xa0, 0xe3, 0x19, 0x03, 0x00, 0xeb, 0xcc, 0x09, 0x00, 0xeb,
	0xff, 0x00, 0xa0, 0xe3, 0x16, 0x03, 0x00, 0xeb, 0x01, 0x03, 0xa0, 0xe3,
	0x1f, 0x00, 0x00, 0xeb, 0x01, 0x03, 0xa0, 0xe3, 0x98, 0x10, 0xa0, 0xe3,
	0xb2, 0x20, 0xd1, 0xe0, 0xb2, 0x30, 0xd1, 0xe0, 0xb2, 0x30, 0x80, 0xe1,
	0xb8, 0x00, 0x51, 0xe3, 0xfa, 0xff, 0xff, 0xba, 0xb4, 0x00, 0xc0, 0xe1,
	0xb8, 0x00, 0xc0, 0xe1, 0xba, 0x04, 0xc0, 0xe1, 0x82, 0x1f, 0x80, 0xe2,
	0xb0, 0x00, 0xc1, 0xe1, 0x1f, 0xf0, 0x29, 0xe3, 0x00, 0x00, 0xa0, 0xe3,
	0x00, 0x10, 0xa0, 0xe3, 0x00, 0x20, 0xa0, 0xe3, 0x00, 0x30, 0xa0, 0xe3,
	0x02, 0xe3, 0xa0, 0xe3, 0x1e, 0xff, 0x2f, 0xe1, 0x00, 0x00, 0x80, 0x00,
	0x20, 0x00, 0x00, 0x01, 0x26, 0x00, 0x00, 0x01, 0x30, 0x00, 0x00, 0x01,
	0x36, 0x00, 0x00, 0x01, 0x82, 0x00, 0x0e, 0x88, 0x88, 0x00, 0x00, 0x02,
	0x34, 0x01, 0x00, 0x80, 0x01, 0x03, 0xa0, 0xe3, 0x06, 0x20, 0x50, 0xe5,
	0x01, 0x00, 0x12, 0xe3, 0x02, 0xe3, 0xa0, 0x03, 0x02, 0xe4, 0xa0, 0x13,
	0x13, 0xf0, 0x29, 0xe3, 0x90, 0xdf, 0x9f, 0xe5, 0x00, 0xe0, 0xa0, 0xe3,
	0x0e, 0xf0, 0x69, 0xe1, 0x12, 0xf0, 0x21, 0xe3, 0x84, 0xdf, 0x9f, 0xe5,
	0x00, 0xe0, 0xa0, 0xe3, 0x0e, 0xf0, 0x69, 0xe1, 0x1f, 0xf0, 0x29, 0xe3,
	0x78, 0xdf, 0x9f, 0xe5, 0x78, 0x1f, 0x9f, 0xe5, 0x00, 0x20, 0xa0, 0xe3,
	0x01, 0x20, 0x80, 0xe7, 0x04, 0x10, 0x91, 0xe2, 0xfc, 0xff, 0xff, 0x1a,
	0xff, 0x1f, 0x10, 0xe8, 0x1e, 0xff, 0x2f, 0xe1, 0x0f, 0x50, 0x2d, 0xe9,
	0x01, 0x03, 0xa0, 0xe3, 0x00, 0xe0, 0x8f, 0xe2, 0x04, 0xf0, 0x10, 0xe5,
	0x0f, 0x50, 0xbd, 0xe8, 0x04, 0xf0, 0x5e, 0xe2, 0x00, 0x58, 0x2d, 0xe9,
	0x02, 0xc0, 0x5e, 0xe5, 0x44, 0xb0, 0x8f, 0xe2, 0x0c, 0xc1, 0x9b, 0xe7,
	0x00, 0xb0, 0x4f, 0xe1, 0x00, 0x08, 0x2d, 0xe9, 0x80, 0xb0, 0x0b, 0xe2,
	0x1f, 0xb0, 0x8b, 0xe3, 0x0b, 0xf0, 0x29, 0xe1, 0x04, 0x40, 0x2d, 0xe9,
	0x00, 0xe0, 0x8f, 0xe2, 0x1c, 0xff, 0x2f, 0xe1, 0x04, 0x40, 0xbd, 0xe8,
	0x93, 0xc0, 0xa0, 0xe3, 0x0c, 0xf0, 0x29, 0xe1, 0x00, 0x08, 0xbd, 0xe8,
	0x0b, 0xf0, 0x69, 0xe1, 0x00, 0x58, 0xbd, 0xe8, 0x0e, 0xf0, 0xb0, 0xe1,
	0xfe, 0xff, 0xff, 0xea, 0xfe, 0xff, 0xff, 0xea, 0xb8, 0x00, 0x00, 0x00,
	0xa0, 0x0c, 0x00, 0x00, 0xfc, 0x0b, 0x00, 0x00, 0x0c, 0x0c, 0x00, 0x00,
	0x30, 0x0c, 0x00, 0x00, 0x28, 0x0c, 0x00, 0x00, 0x34, 0x07, 0x00, 0x00,
	0x28, 0x07, 0x00, 0x00, 0x98, 0x07, 0x00, 0x00, 0x40, 0x08, 0x00, 0x00,
	0xec, 0x07, 0x00, 0x00, 0x34, 0x02, 0x00, 0x00, 0xc4, 0x02, 0x00, 0x00,
	0x2c, 0x02, 0x00, 0x00, 0x58, 0x0b, 0x00, 0x00, 0xe0, 0x0a, 0x00, 0x00,
	0x50, 0x04, 0x00, 0x00, 0x28, 0x03, 0x00, 0x00, 0xac, 0x03, 0x00, 0x00,
	0x8c, 0x05, 0x00, 0x00, 0x24, 0x06, 0x00, 0x00, 0x90, 0x06, 0x00, 0x00,
	0xd0, 0x04, 0x00, 0x00, 0x08, 0x05, 0x00, 0x00, 0x54, 0x05, 0x00, 0x00,
	0x28, 0x02, 0x00, 0x00, 0xac, 0x0f, 0x00, 0x00, 0x28, 0x02, 0x00, 0x00,
	0x28, 0x02, 0x00, 0x00, 0x40, 0x11, 0x00, 0x00, 0x28, 0x02, 0x00, 0x00,
	0xa4, 0x0e, 0x00, 0x00, 0x28, 0x02, 0x00, 0x00, 0x28, 0x02, 0x00, 0x00,
	0x28, 0x02, 0x00, 0x00, 0x28, 0x02, 0x00, 0x00, 0x28, 0x02, 0x00, 0x00,
	0x28, 0x02, 0x00, 0x00, 0x20, 0x00, 0x00, 0x00, 0x1c, 0x0c, 0x00, 0x00,
	0xd4, 0x10, 0x00, 0x00, 0xc0, 0x10, 0x00, 0x00, 0x08, 0x0f, 0x00, 0x00,
	0x1e, 0xff, 0x2f, 0xe1, 0x44, 0x0e, 0x9f, 0xe5, 0x1e, 0xff, 0x2f, 0xe1,
	0x18, 0x00, 0x2d, 0xe9, 0x82, 0x35, 0xa0, 0xe1, 0xa3, 0x35, 0xb0, 0xe1,
	0x1d, 0x00, 0x00, 0x0a, 0xa2, 0x2c, 0xb0, 0xe1, 0x01, 0x20, 0x82, 0x23,
	0x00, 0x40, 0x8f, 0xe2, 0x02, 0xf1, 0x94, 0xe7, 0x64, 0x02, 0x00, 0x00,
	0x7c, 0x02, 0x00, 0x00, 0x94, 0x02, 0x00, 0x00, 0xac, 0x02, 0x00, 0x00,
	0xb2, 0x40, 0xd0, 0xe0, 0xb2, 0x40, 0xc1, 0xe0, 0x01, 0x30, 0x53, 0xe2,
	0xfb, 0xff, 0xff, 0x1a, 0x18, 0x00, 0xbd, 0xe8, 0x1e, 0xff, 0x2f, 0xe1,
	0xb0, 0x40, 0xd0, 0xe1, 0xb2, 0x40, 0xc1, 0xe0, 0x01, 0x30, 0x53, 0xe2,
	0xfc, 0xff, 0xff, 0x1a, 0x18, 0x00, 0xbd, 0xe8, 0x1e, 0xff, 0x2f, 0xe1,
	0x10, 0x00, 0xb0, 0xe8, 0x10, 0x00, 0xa1, 0xe8, 0x01, 0x30, 0x53, 0xe2,
	0xfb, 0xff, 0xff, 0x1a, 0x18, 0x00, 0xbd, 0xe8, 0x1e, 0xff, 0x2f, 0xe1,
	0x00, 0x40, 0x90, 0xe5, 0x04, 0x40, 0x81, 0xe4, 0x01, 0x30, 0x53, 0xe2,
	0xfc, 0xff, 0xff, 0x1a, 0x18, 0x00, 0xbd, 0xe8, 0x1e, 0xff, 0x2f, 0xe1,
	0xf8, 0x0f, 0x2d, 0xe9, 0x82, 0x35, 0xa0, 0xe1, 0xa3, 0x35, 0xb0, 0xe1,
	0x12, 0x00, 0x00, 0x0a, 0x01, 0x04, 0x12, 0xe3, 0x05, 0x00, 0x00, 0x1a,
	0xf0, 0x0f, 0xb0, 0xe8, 0xf0, 0x0f, 0xa1, 0xe8, 0x08, 0x30, 0x53, 0xe2,
	0xfb, 0xff, 0xff, 0xca, 0xf8, 0x0f, 0xbd, 0xe8, 0x1e, 0xff, 0x2f, 0xe1,
	0x00, 0x40, 0x90, 0xe5, 0x04, 0x50, 0xa0, 0xe1, 0x04, 0x60, 0xa0, 0xe1,
	0x04, 0x70, 0xa0, 0xe1, 0x04, 0x80, 0xa0, 0xe1, 0x04, 0x90, 0xa0, 0xe1,
	0x04, 0xa0, 0xa0, 0xe1, 0x04, 0xb0, 0xa0, 0xe1, 0xf0, 0x0f, 0xa1, 0xe8,
	0x08, 0x30, 0x53, 0xe2, 0xfc, 0xff, 0xff, 0xca, 0xf8, 0x0f, 0xbd, 0xe8,
	0x1e, 0xff, 0x2f, 0xe1, 0x78, 0x00, 0x2d, 0xe9, 0x04, 0x20, 0x90, 0xe4,
	0x22, 0x24, 0xb0, 0xe1, 0x1a, 0x00, 0x00, 0x0a, 0x01, 0x30, 0xd0, 0xe4,
	0x01, 0x34, 0x83, 0xe3, 0x80, 0x00, 0x13, 0xe3, 0x06, 0x00, 0x00, 0x1a,
	0x01, 0x40, 0xd0, 0xe4, 0x01, 0x40, 0xc1, 0xe4, 0x01, 0x20, 0x52, 0xe2,
	0x12, 0x00, 0x00, 0x0a, 0x83, 0x30, 0xb0, 0xe1, 0xf7, 0xff, 0xff, 0x3a,
	0xf4, 0xff, 0xff, 0xea, 0x01, 0x40, 0xd0, 0xe4, 0x01, 0x50, 0xd0, 0xe4,
	0x04, 0x54, 0x85, 0xe1, 0x0f, 0x5a, 0xc5, 0xe3, 0x01, 0x50, 0x85, 0xe2,
	0x24, 0x42, 0xa0, 0xe1, 0x03, 0x40, 0x84, 0xe2, 0x05, 0x60, 0x51, 0xe7,
	0x01, 0x60, 0xc1, 0xe4, 0x01, 0x20, 0x52, 0xe2, 0x04, 0x00, 0x00, 0x0a,
	0x01, 0x40, 0x54, 0xe2, 0xf9, 0xff, 0xff, 0x1a, 0x83, 0x30, 0xb0, 0xe1,
	0xe7, 0xff, 0xff, 0x3a, 0xe4, 0xff, 0xff, 0xea, 0x78, 0x00, 0xbd, 0xe8,
	0x1e, 0xff, 0x2f, 0xe1, 0xf8, 0x00, 0x2d, 0xe9, 0x04, 0x20, 0x90, 0xe4,
	0x22, 0x24, 0xb0, 0xe1, 0x22, 0x00, 0x00, 0x0a, 0x01, 0x30, 0xd0, 0xe4,
	0x01, 0x34, 0x83, 0xe3, 0x80, 0x00, 0x13, 0xe3, 0x0a, 0x00, 0x00, 0x1a,
	0x01, 0x40, 0xd0, 0xe4, 0x01, 0x00, 0x11, 0xe3, 0x04, 0x70, 0xa0, 0x01,
	0x04, 0x74, 0x87, 0x11, 0xb0, 0x70, 0xc1, 0x11, 0x01, 0x10, 0x81, 0xe2,
	0x01, 0x20, 0x52, 0xe2, 0x16, 0x00, 0x00, 0x0a, 0x83, 0x30, 0xb0, 0xe1,
	0xf3, 0xff, 0xff, 0x3a, 0xf0, 0xff, 0xff, 0xea, 0x01, 0x40, 0xd0, 0xe4,
	0x01, 0x50, 0xd0, 0xe4, 0x04, 0x54, 0x85, 0xe1, 0x0f, 0x5a, 0xc5, 0xe3,
	0x01, 0x50, 0x85, 0xe2, 0x24, 0x42, 0xa0, 0xe1, 0x03, 0x40, 0x84, 0xe2,
	0x05, 0x60, 0x51, 0xe7, 0x01, 0x00, 0x11, 0xe3, 0x06, 0x70, 0xa0, 0x01,
	0x06, 0x74, 0x87, 0x11, 0xb0, 0x70, 0xc1, 0x11, 0x01, 0x10, 0x81, 0xe2,
	0x01, 0x20, 0x52, 0xe2, 0x04, 0x00, 0x00, 0x0a, 0x01, 0x40, 0x54, 0xe2,
	0xf5, 0xff, 0xff, 0x1a, 0x83, 0x30, 0xb0, 0xe1, 0xdf, 0xff, 0xff, 0x3a,
	0xdc, 0xff, 0xff, 0xea, 0xf8, 0x00, 0xbd, 0xe8, 0x1e, 0xff, 0x2f, 0xe1,
	0xfc, 0x1f, 0x2d, 0xe9, 0xb0, 0x30, 0xd2, 0xe1, 0x00, 0x00, 0x53, 0xe3,
	0xa0, 0x4c, 0xb0, 0x11, 0x18, 0x00, 0x00, 0x0a, 0x02, 0x40, 0xd2, 0xe5,
	0x03, 0x50, 0xd2, 0xe5, 0x04, 0x20, 0x92, 0xe5, 0xa2, 0x6f, 0xa0, 0xe1,
	0x02, 0x21, 0xc2, 0xe3, 0x01, 0xc0, 0xa0, 0xe3, 0x1c, 0xc4, 0x6c, 0xe0,
	0x00, 0x70, 0xa0, 0xe3, 0x00, 0x90, 0xa0, 0xe3, 0x01, 0x30, 0x53, 0xe2,
	0x0d, 0x00, 0x00, 0x4a, 0x01, 0xb0, 0xd0, 0xe4, 0x00, 0x80, 0xa0, 0xe3,
	0x08, 0x00, 0x58, 0xe3, 0xf9, 0xff, 0xff, 0xaa, 0x3b, 0xa8, 0x1c, 0xe0,
	0x00, 0x00, 0x56, 0x03, 0x02, 0xa0, 0x8a, 0x10, 0x1a, 0x79, 0x87, 0xe1,
	0x05, 0x90, 0x89, 0xe0, 0x1f, 0x90, 0x19, 0xe2, 0x04, 0x70, 0x81, 0x04,
	0x00, 0x70, 0xa0, 0x03, 0x04, 0x80, 0x88, 0xe0, 0xf3, 0xff, 0xff, 0xea,
	0xfc, 0x1f, 0xbd, 0xe8, 0x1e, 0xff, 0x2f, 0xe1, 0x1c, 0x00, 0x2d, 0xe9,
	0x04, 0x20, 0x90, 0xe4, 0x22, 0x24, 0xa0, 0xe1, 0x00, 0x00, 0x52, 0xe3,
	0xa0, 0x3c, 0xb0, 0x11, 0x05, 0x00, 0x00, 0x0a, 0x01, 0x30, 0xd0, 0xe4,
	0x01, 0x30, 0xc1, 0xe4, 0x01, 0x40, 0xd0, 0xe4, 0x04, 0x30, 0x83, 0xe0,
	0x01, 0x20, 0x52, 0xe2, 0xfa, 0xff, 0xff, 0xca, 0x1c, 0x00, 0xbd, 0xe8,
	0x1e, 0xff, 0x2f, 0xe1, 0x3c, 0x00, 0x2d, 0xe9, 0x04, 0x20, 0x90, 0xe4,
	0x22, 0x24, 0xa0, 0xe1, 0x00, 0x00, 0x52, 0xe3, 0xa0, 0x3c, 0xb0, 0x11,
	0x0a, 0x00, 0x00, 0x0a, 0x01, 0x30, 0xd0, 0xe4, 0x01, 0x40, 0xd0, 0xe4,
	0x04, 0x44, 0x83, 0xe1, 0x03, 0x44, 0x84, 0xe0, 0xb2, 0x40, 0xc1, 0xe0,
	0x01, 0x30, 0xd0, 0xe4, 0x24, 0x34, 0x83, 0xe0, 0xff, 0x30, 0x03, 0xe2,
	0x01, 0x40, 0xd0, 0xe4, 0x02, 0x20, 0x52, 0xe2, 0xf6, 0xff, 0xff, 0xca,
	0x3c, 0x00, 0xbd, 0xe8, 0x1e, 0xff, 0x2f, 0xe1, 0x1c, 0x00, 0x2d, 0xe9,
	0x04, 0x20, 0x90, 0xe4, 0x22, 0x24, 0xa0, 0xe1, 0x00, 0x00, 0x52, 0xe3,
	0xa0, 0x3c, 0xb0, 0x11, 0x05, 0x00, 0x00, 0x0a, 0xb2, 0x30, 0xd0, 0xe0,
	0xb2, 0x30, 0xc1, 0xe0, 0xb2, 0x40, 0xd0, 0xe0, 0x04, 0x30, 0x83, 0xe0,
	0x02, 0x20, 0x52, 0xe2, 0xfa, 0xff, 0xff, 0xca, 0x1c, 0x00, 0xbd, 0xe8,
	0x1e, 0xff, 0x2f, 0xe1, 0xfc, 0x0f, 0x2d, 0xe9, 0x04, 0x30, 0x90, 0xe4,
	0x23, 0x24, 0xb0, 0xe1, 0xa0, 0x2c, 0xb0, 0x11, 0x1e, 0x00, 0x00, 0x0a,
	0x0f, 0x20, 0x03, 0xe2, 0x23, 0x34, 0xa0, 0xe1, 0x01, 0x40, 0xd0, 0xe4,
	0x84, 0x40, 0x80, 0xe0, 0x01, 0x40, 0x84, 0xe2, 0x00, 0x50, 0xa0, 0xe3,
	0x00, 0x60, 0xa0, 0xe3, 0x00, 0x70, 0xa0, 0xe1, 0x20, 0x80, 0xa0, 0xe3,
	0x04, 0x90, 0x94, 0xe4, 0x01, 0x80, 0x58, 0xe2, 0xfb, 0xff, 0xff, 0xba,
	0x00, 0xa0, 0xd7, 0xe5, 0x3f, 0xb0, 0x0a, 0xe2, 0x01, 0xb0, 0x8b, 0xe2,
	0x01, 0x70, 0xc7, 0xe3, 0x89, 0x90, 0xb0, 0xe1, 0x8b, 0x70, 0xa7, 0xe0,
	0x8a, 0xa0, 0xa0, 0x21, 0x80, 0x00, 0x1a, 0xe3, 0xf4, 0xff, 0xff, 0x0a,
	0x00, 0x70, 0xd7, 0xe5, 0x17, 0x56, 0x85, 0xe1, 0x00, 0x70, 0xa0, 0xe1,
	0x02, 0x60, 0x86, 0xe0, 0x1f, 0x60, 0x16, 0xe2, 0xee, 0xff, 0xff, 0x1a,
	0x04, 0x50, 0x81, 0xe4, 0x00, 0x50, 0xa0, 0xe3, 0x04, 0x30, 0x53, 0xe2,
	0xea, 0xff, 0xff, 0xca, 0xfc, 0x0f, 0xbd, 0xe8, 0x1e, 0xff, 0x2f, 0xe1,
	0x1c, 0x00, 0x2d, 0xe9, 0x04, 0x20, 0x90, 0xe4, 0x22, 0x24, 0xa0, 0xe1,
	0x00, 0x00, 0x52, 0xe3, 0xa0, 0x3c, 0xb0, 0x11, 0x12, 0x00, 0x00, 0x0a,
	0x01, 0x30, 0xd0, 0xe4, 0x83, 0x3c, 0xb0, 0xe1, 0xa3, 0x3c, 0xa0, 0xe1,
	0x06, 0x00, 0x00, 0x3a, 0x01, 0x40, 0xd0, 0xe4, 0x03, 0x30, 0x83, 0xe2,
	0x03, 0x20, 0x42, 0xe0, 0x01, 0x40, 0xc1, 0xe4, 0x01, 0x30, 0x53, 0xe2,
	0xfc, 0xff, 0xff, 0xca, 0x05, 0x00, 0x00, 0xea, 0x01, 0x30, 0x83, 0xe2,
	0x03, 0x20, 0x42, 0xe0, 0x01, 0x40, 0xd0, 0xe4, 0x01, 0x40, 0xc1, 0xe4,
	0x01, 0x30, 0x53, 0xe2, 0xfb, 0xff, 0xff, 0xca, 0x00, 0x00, 0x52, 0xe3,
	0xec, 0xff, 0xff, 0xca, 0x1c, 0x00, 0xbd, 0xe8, 0x1e, 0xff, 0x2f, 0xe1,
	0x7c, 0x00, 0x2d, 0xe9, 0x04, 0x20, 0x90, 0xe4, 0x22, 0x24, 0xa0, 0xe1,
	0x00, 0x00, 0x52, 0xe3, 0xa0, 0x3c, 0xb0, 0x11, 0x1d, 0x00, 0x00, 0x0a,
	0x00, 0x50, 0xa0, 0xe3, 0x00, 0x60, 0xa0, 0xe3, 0x01, 0x30, 0xd0, 0xe4,
	0x83, 0x3c, 0xb0, 0xe1, 0xa3, 0x3c, 0xa0, 0xe1, 0x0a, 0x00, 0x00, 0x3a,
	0x01, 0x40, 0xd0, 0xe4, 0x03, 0x30, 0x83, 0xe2, 0x03, 0x20, 0x42, 0xe0,
	0x01, 0x30, 0x53, 0xe2, 0x10, 0x00, 0x00, 0xba, 0x14, 0x65, 0x86, 0xe1,
	0x08, 0x50, 0x35, 0xe2, 0xfa, 0xff, 0xff, 0x1a, 0xb2, 0x60, 0xc1, 0xe0,
	0x00, 0x60, 0xa0, 0xe3, 0xf7, 0xff, 0xff, 0xea, 0x01, 0x30, 0x83, 0xe2,
	0x03, 0x20, 0x42, 0xe0, 0x01, 0x30, 0x53, 0xe2, 0x06, 0x00, 0x00, 0xba,
	0x01, 0x40, 0xd0, 0xe4, 0x14, 0x65, 0x86, 0xe1, 0x08, 0x50, 0x35, 0xe2,
	0xf9, 0xff, 0xff, 0x1a, 0xb2, 0x60, 0xc1, 0xe0, 0x00, 0x60, 0xa0, 0xe3,
	0xf6, 0xff, 0xff, 0xea, 0x00, 0x00, 0x52, 0xe3, 0xe3, 0xff, 0xff, 0xca,
	0x7c, 0x00, 0xbd, 0xe8, 0x1e, 0xff, 0x2f, 0xe1, 0x01, 0x30, 0xa0, 0xe1,
	0x00, 0x10, 0xa0, 0xe1, 0x03, 0x00, 0xa0, 0xe1, 0x14, 0x00, 0x2d, 0xe9,
	0x01, 0x40, 0xb0, 0xe1, 0x00, 0x10, 0x71, 0x42, 0x13, 0x00, 0x00, 0x0a,
	0x40, 0x40, 0x34, 0xe0, 0x00, 0x00, 0x60, 0x22, 0x01, 0x20, 0xa0, 0xe3,
	0xa0, 0x00, 0x51, 0xe1, 0x82, 0x20, 0xa0, 0x91, 0x81, 0x10, 0xa0, 0x91,
	0xfb, 0xff, 0xff, 0x9a, 0x00, 0x30, 0xa0, 0xe3, 0x00, 0x00, 0x51, 0xe1,
	0x01, 0x00, 0x40, 0xd0, 0x02, 0x30, 0x83, 0xd0, 0xa1, 0x10, 0xa0, 0x11,
	0xa2, 0x20, 0xb0, 0x11, 0xf9, 0xff, 0xff, 0x1a, 0x44, 0x10, 0x30, 0xe0,
	0x00, 0x10, 0xa1, 0xe2, 0x44, 0x00, 0x33, 0xe0, 0x00, 0x00, 0xa0, 0xe2,
	0x14, 0x00, 0xbd, 0xe8, 0x1e, 0xff, 0x2f, 0xe1, 0xfc, 0xff, 0xff, 0xea,
	0x1e, 0x00, 0x2d, 0xe9, 0x01, 0x10, 0xa0, 0xe3, 0x00, 0x20, 0xa0, 0xe1,
	0x22, 0x01, 0x51, 0xe1, 0x81, 0x10, 0xa0, 0x91, 0xa2, 0x20, 0xa0, 0x91,
	0xfb, 0xff, 0xff, 0x9a, 0xa1, 0x20, 0xa0, 0xe1, 0x02, 0x30, 0x81, 0xe0,
	0x93, 0x03, 0x04, 0xe0, 0x00, 0x00, 0x54, 0xe1, 0x02, 0x10, 0x81, 0x90,
	0xa2, 0x20, 0xb0, 0x11, 0xf9, 0xff, 0xff, 0x1a, 0x01, 0x00, 0xa0, 0xe1,
	0x1e, 0x00, 0xbd, 0xe8, 0x1e, 0xff, 0x2f, 0xe1, 0x00, 0x00, 0x40, 0x00,
	0x40, 0x00, 0x80, 0x00, 0x80, 0x00, 0xc0, 0x00, 0xc0, 0x00, 0x00, 0x01,
	0x34, 0x40, 0x2d, 0xe9, 0x00, 0x20, 0xa0, 0xe1, 0x01, 0x30, 0xa0, 0xe1,
	0x00, 0x40, 0xa0, 0xe3, 0x00, 0x00, 0x51, 0xe3, 0x08, 0x40, 0x84, 0xb2,
	0x00, 0x30, 0x63, 0xb2, 0x40, 0x50, 0x31, 0xe0, 0x04, 0x40, 0x84, 0x42,
	0x00, 0x20, 0x62, 0x22, 0x03, 0x20, 0x52, 0xe0, 0x01, 0x30, 0xa0, 0x51,
	0x00, 0x10, 0xa0, 0x51, 0x03, 0x00, 0xa0, 0x51, 0x02, 0x50, 0x35, 0xe0,
	0x02, 0x40, 0x84, 0x42, 0x48, 0x38, 0x9f, 0xe5, 0xb4, 0x40, 0x93, 0xe1,
	0x00, 0x07, 0xa0, 0xe1, 0xbd, 0xff, 0xff, 0xeb, 0x3c, 0xe8, 0x9f, 0xe5,
	0x90, 0x00, 0x01, 0xe0, 0x41, 0x17, 0xa0, 0xe1, 0x00, 0x10, 0x61, 0xe2,
	0xa9, 0x30, 0xa0, 0xe3, 0x91, 0x03, 0x03, 0xe0, 0x43, 0x37, 0xa0, 0xe1,
	0x39, 0x3e, 0x83, 0xe2, 0x91, 0x03, 0x03, 0xe0, 0x43, 0x37, 0xa0, 0xe1,
	0x09, 0x3c, 0x83, 0xe2, 0x1c, 0x30, 0x83, 0xe2, 0x91, 0x03, 0x03, 0xe0,
	0x43, 0x37, 0xa0, 0xe1, 0x0f, 0x3c, 0x83, 0xe2, 0xb6, 0x30, 0x83, 0xe2,
	0x91, 0x03, 0x03, 0xe0, 0x43, 0x37, 0xa0, 0xe1, 0x16, 0x3c, 0x83, 0xe2,
	0xaa, 0x30, 0x83, 0xe2, 0x91, 0x03, 0x03, 0xe0, 0x43, 0x37, 0xa0, 0xe1,
	0x02, 0x3a, 0x83, 0xe2, 0x81, 0x30, 0x83, 0xe2, 0x91, 0x03, 0x03, 0xe0,
	0x43, 0x37, 0xa0, 0xe1, 0x36, 0x3c, 0x83, 0xe2, 0x51, 0x30, 0x83, 0xe2,
	0x91, 0x03, 0x03, 0xe0, 0x43, 0x37, 0xa0, 0xe1, 0xa2, 0x3c, 0x83, 0xe2,
	0xf9, 0x30, 0x83, 0xe2, 0x93, 0x00, 0x00, 0xe0, 0x40, 0x08, 0xa0, 0xe1,
	0x1e, 0xff, 0x2f, 0xe1, 0x42, 0x00, 0x30, 0xe0, 0x00, 0x00, 0xa0, 0xe2,
	0x04, 0x04, 0x80, 0xe0, 0x17, 0x3e, 0xa0, 0xe3, 0x34, 0x40, 0xbd, 0xe8,
	0x1e, 0xff, 0x2f, 0xe1, 0x00, 0x00, 0x92, 0x01, 0x23, 0x03, 0xb5, 0x04,
	0x45, 0x06, 0xd5, 0x07, 0x64, 0x09, 0xf1, 0x0a, 0x7c, 0x0c, 0x05, 0x0e,
	0x8c, 0x0f, 0x11, 0x11, 0x94, 0x12, 0x13, 0x14, 0x8f, 0x15, 0x08, 0x17,
	0x7d, 0x18, 0xef, 0x19, 0x5d, 0x1b, 0xc6, 0x1c, 0x2b, 0x1e, 0x8b, 0x1f,
	0xe7, 0x20, 0x3d, 0x22, 0x8e, 0x23, 0xda, 0x24, 0x1f, 0x26, 0x5f, 0x27,
	0x99, 0x28, 0xcd, 0x29, 0xfa, 0x2a, 0x21, 0x2c, 0x41, 0x2d, 0x5a, 0x2e,
	0x6b, 0x2f, 0x76, 0x30, 0x79, 0x31, 0x74, 0x32, 0x67, 0x33, 0x53, 0x34,
	0x36, 0x35, 0x12, 0x36, 0xe5, 0x36, 0xaf, 0x37, 0x71, 0x38, 0x2a, 0x39,
	0xda, 0x39, 0x82, 0x3a, 0x20, 0x3b, 0xb6, 0x3b, 0x42, 0x3c, 0xc5, 0x3c,
	0x3e, 0x3d, 0xae, 0x3d, 0x14, 0x3e, 0x71, 0x3e, 0xc5, 0x3e, 0x0e, 0x3f,
	0x4e, 0x3f, 0x84, 0x3f, 0xb1, 0x3f, 0xd3, 0x3f, 0xec, 0x3f, 0xfb, 0x3f,
	0x00, 0x40, 0xfb, 0x3f, 0xec, 0x3f, 0xd3, 0x3f, 0xb1, 0x3f, 0x84, 0x3f,
	0x4e, 0x3f, 0x0e, 0x3f, 0xc5, 0x3e, 0x71, 0x3e, 0x14, 0x3e, 0xae, 0x3d,
	0x3e, 0x3d, 0xc5, 0x3c, 0x42, 0x3c, 0xb6, 0x3b, 0x20, 0x3b, 0x82, 0x3a,
	0xda, 0x39, 0x2a, 0x39, 0x71, 0x38, 0xaf, 0x37, 0xe5, 0x36, 0x12, 0x36,
	0x36, 0x35, 0x53, 0x34, 0x67, 0x33, 0x74, 0x32, 0x79, 0x31, 0x76, 0x30,
	0x6b, 0x2f, 0x5a, 0x2e, 0x41, 0x2d, 0x21, 0x2c, 0xfa, 0x2a, 0xcd, 0x29,
	0x99, 0x28, 0x5f, 0x27, 0x1f, 0x26, 0xda, 0x24, 0x8e, 0x23, 0x3d, 0x22,
	0xe7, 0x20, 0x8b, 0x1f, 0x2b, 0x1e, 0xc6, 0x1c, 0x5d, 0x1b, 0xef, 0x19,
	0x7d, 0x18, 0x08, 0x17, 0x8f, 0x15, 0x13, 0x14, 0x94, 0x12, 0x11, 0x11,
	0x8c, 0x0f, 0x05, 0x0e, 0x7c, 0x0c, 0xf1, 0x0a, 0x64, 0x09, 0xd5, 0x07,
	0x45, 0x06, 0xb5, 0x04, 0x23, 0x03, 0x92, 0x01, 0x00, 0x00, 0x6e, 0xfe,
	0xdd, 0xfc, 0x4b, 0xfb, 0xbb, 0xf9, 0x2b, 0xf8, 0x9c, 0xf6, 0x0f, 0xf5,
	0x84, 0xf3, 0xfb, 0xf1, 0x74, 0xf0, 0xef, 0xee, 0x6c, 0xed, 0xed, 0xeb,
	0x71, 0xea, 0xf8, 0xe8, 0x83, 0xe7, 0x11, 0xe6, 0xa3, 0xe4, 0x3a, 0xe3,
	0xd5, 0xe1, 0x75, 0xe0, 0x19, 0xdf, 0xc3, 0xdd, 0x72, 0xdc, 0x26, 0xdb,
	0xe1, 0xd9, 0xa1, 0xd8, 0x67, 0xd7, 0x33, 0xd6, 0x06, 0xd5, 0xdf, 0xd3,
	0xbf, 0xd2, 0xa6, 0xd1, 0x95, 0xd0, 0x8a, 0xcf, 0x87, 0xce, 0x8c, 0xcd,
	0x99, 0xcc, 0xad, 0xcb, 0xca, 0xca, 0xee, 0xc9, 0x1b, 0xc9, 0x51, 0xc8,
	0x8f, 0xc7, 0xd6, 0xc6, 0x26, 0xc6, 0x7e, 0xc5, 0xe0, 0xc4, 0x4a, 0xc4,
	0xbe, 0xc3, 0x3b, 0xc3, 0xc2, 0xc2, 0x52, 0xc2, 0xec, 0xc1, 0x8f, 0xc1,
	0x3b, 0xc1, 0xf2, 0xc0, 0xb2, 0xc0, 0x7c, 0xc0, 0x4f, 0xc0, 0x2d, 0xc0,
	0x14, 0xc0, 0x05, 0xc0, 0x00, 0xc0, 0x05, 0xc0, 0x14, 0xc0, 0x2d, 0xc0,
	0x4f, 0xc0, 0x7c, 0xc0, 0xb2, 0xc0, 0xf2, 0xc0, 0x3b, 0xc1, 0x8f, 0xc1,
	0xec, 0xc1, 0x52, 0xc2, 0xc2, 0xc2, 0x3b, 0xc3, 0xbe, 0xc3, 0x4a, 0xc4,
	0xe0, 0xc4, 0x7e, 0xc5, 0x26, 0xc6, 0xd6, 0xc6, 0x8f, 0xc7, 0x51, 0xc8,
	0x1b, 0xc9, 0xee, 0xc9, 0xca, 0xca, 0xad, 0xcb, 0x99, 0xcc, 0x8c, 0xcd,
	0x87, 0xce, 0x8a, 0xcf, 0x95, 0xd0, 0xa6, 0xd1, 0xbf, 0xd2, 0xdf, 0xd3,
	0x06, 0xd5, 0x33, 0xd6, 0x67, 0xd7, 0xa1, 0xd8, 0xe1, 0xd9, 0x26, 0xdb,
	0x72, 0xdc, 0xc3, 0xdd, 0x19, 0xdf, 0x75, 0xe0, 0xd5, 0xe1, 0x3a, 0xe3,
	0xa3, 0xe4, 0x11, 0xe6, 0x83, 0xe7, 0xf8, 0xe8, 0x71, 0xea, 0xed, 0xeb,
	0x6c, 0xed, 0xef, 0xee, 0x74, 0xf0, 0xfb, 0xf1, 0x84, 0xf3, 0x0f, 0xf5,
	0x9c, 0xf6, 0x2b, 0xf8, 0xbb, 0xf9, 0x4b, 0xfb, 0xdd, 0xfc, 0x6e, 0xfe,
	0xf0, 0x1b, 0x2d, 0xe9, 0x98, 0xc5, 0x9f, 0xe5, 0x00, 0xb0, 0xa0, 0xe3,
	0x01, 0x20, 0x52, 0xe2, 0x16, 0x00, 0x00, 0xba, 0xf2, 0x40, 0xd0, 0xe0,
	0xf2, 0x60, 0xd0, 0xe0, 0xb4, 0x70, 0xd0, 0xe0, 0x27, 0x74, 0xa0, 0xe1,
	0x87, 0x80, 0xa0, 0xe1, 0x40, 0x90, 0x87, 0xe2, 0xff, 0x90, 0x09, 0xe2,
	0x89, 0x90, 0xa0, 0xe1, 0xf8, 0x80, 0x9c, 0xe1, 0xf9, 0x90, 0x9c, 0xe1,
	0x94, 0x08, 0x05, 0xe0, 0x45, 0x57, 0x4b, 0xe0, 0x99, 0x04, 0x04, 0xe0,
	0x44, 0x47, 0xa0, 0xe1, 0x96, 0x09, 0x07, 0xe0, 0x47, 0x77, 0xa0, 0xe1,
	0x98, 0x06, 0x06, 0xe0, 0x46, 0x67, 0xa0, 0xe1, 0xb3, 0x40, 0x81, 0xe0,
	0xb3, 0x50, 0x81, 0xe0, 0xb3, 0x60, 0x81, 0xe0, 0xb3, 0x70, 0x81, 0xe0,
	0xe6, 0xff, 0xff, 0xea, 0xf0, 0x1b, 0xbd, 0xe8, 0x1e, 0xff, 0x2f, 0xe1,
	0xf8, 0x1f, 0x2d, 0xe9, 0x20, 0xc5, 0x9f, 0xe5, 0x01, 0x20, 0x52, 0xe2,
	0x22, 0x00, 0x00, 0xba, 0x00, 0x0e, 0xb0, 0xe8, 0xf2, 0x30, 0xd0, 0xe0,
	0xf2, 0x50, 0xd0, 0xe0, 0xb4, 0x60, 0xd0, 0xe0, 0x26, 0x64, 0xa0, 0xe1,
	0x86, 0x70, 0xa0, 0xe1, 0x40, 0x80, 0x86, 0xe2, 0xff, 0x80, 0x08, 0xe2,
	0x88, 0x80, 0xa0, 0xe1, 0xf7, 0x70, 0x9c, 0xe1, 0xf8, 0x80, 0x9c, 0xe1,
	0x93, 0x07, 0x04, 0xe0, 0x44, 0x47, 0xa0, 0xe1, 0x98, 0x03, 0x03, 0xe0,
	0x43, 0x37, 0xa0, 0xe1, 0x95, 0x08, 0x06, 0xe0, 0x46, 0x67, 0xa0, 0xe1,
	0x97, 0x05, 0x05, 0xe0, 0x45, 0x57, 0xa0, 0xe1, 0x0b, 0x78, 0xa0, 0xe1,
	0x47, 0x78, 0xa0, 0xe1, 0x00, 0x70, 0x67, 0xe2, 0x4b, 0x88, 0xa0, 0xe1,
	0x97, 0x93, 0x29, 0xe0, 0x98, 0x94, 0x29, 0xe0, 0x97, 0xa5, 0x2a, 0xe0,
	0x00, 0x80, 0x68, 0xe2, 0x98, 0xa6, 0x2a, 0xe0, 0xb2, 0x30, 0xc1, 0xe0,
	0x00, 0x40, 0x64, 0xe2, 0xb2, 0x40, 0xc1, 0xe0, 0xb2, 0x50, 0xc1, 0xe0,
	0xb2, 0x60, 0xc1, 0xe0, 0x00, 0x06, 0xa1, 0xe8, 0xda, 0xff, 0xff, 0xea,
	0xf8, 0x1f, 0xbd, 0xe8, 0x1e, 0xff, 0x2f, 0xe1, 0x00, 0xb0, 0xa0, 0xe3,
	0x01, 0xc3, 0xa0, 0xe3, 0x01, 0xb3, 0xcc, 0xe5, 0x1e, 0xff, 0x2f, 0xe1,
	0x80, 0xb0, 0xa0, 0xe3, 0x01, 0xc3, 0xa0, 0xe3, 0x01, 0xb3, 0xcc, 0xe5,
	0x1e, 0xff, 0x2f, 0xe1, 0x01, 0xc3, 0xa0, 0xe3, 0x01, 0x23, 0xcc, 0xe5,
	0x1e, 0xff, 0x2f, 0xe1, 0x01, 0x00, 0xa0, 0xe3, 0x01, 0x10, 0xa0, 0xe3,
	0x10, 0x40, 0x2d, 0xe9, 0x00, 0x20, 0xa0, 0xe3, 0x01, 0x30, 0xa0, 0xe3,
	0x01, 0xc3, 0xa0, 0xe3, 0x00, 0x00, 0x50, 0xe3, 0x01, 0x00, 0x00, 0x1b,
	0x1c, 0xe0, 0x8f, 0xe2, 0x01, 0x23, 0xcc, 0xe5, 0x08, 0x22, 0xcc, 0xe5,
	0xb8, 0x40, 0x5c, 0xe1, 0x04, 0x00, 0x11, 0xe0, 0x00, 0x40, 0x24, 0x10,
	0xb8, 0x40, 0x4c, 0x11, 0x08, 0x32, 0xcc, 0xe5, 0x1e, 0xff, 0x2f, 0xe1,
	0xf6, 0xff, 0xff, 0x0a, 0x10, 0x40, 0xbd, 0xe8, 0x1e, 0xff, 0x2f, 0xe1,
	0x00, 0x00, 0x00, 0x00, 0x00, 0x00, 0x00, 0x02, 0x00, 0x00, 0x00, 0x03,
	0x00, 0x00, 0x00, 0x05, 0x00, 0x00, 0x00, 0x06, 0x00, 0x00, 0x00, 0x07,
	0xff, 0xff, 0x80, 0x1f, 0x00, 0x01, 0x00, 0x60, 0x00, 0x01, 0x00, 0x00,
	0x00, 0x00, 0xa0, 0xe1, 0x1e, 0x58, 0x2d, 0xe9, 0x00, 0x30, 0xa0, 0xe1,
	0xd8, 0x03, 0x9f, 0xe5, 0x80, 0x00, 0x13, 0xe3, 0x2c, 0x00, 0x00, 0x1a,
	0x40, 0x00, 0x13, 0xe3, 0x19, 0x00, 0x00, 0x1a, 0x20, 0x00, 0x13, 0xe3,
	0x0c, 0x00, 0x00, 0x1a, 0x1f, 0x30, 0x03, 0xe2, 0x00, 0x40, 0xa0, 0xe3,
	0xb8, 0xb3, 0x9f, 0xe5, 0xb8, 0xc3, 0x9f, 0xe5, 0xb8, 0xe3, 0x9f, 0xe5,
	0x02, 0x40, 0x84, 0xe2, 0xa3, 0x30, 0xb0, 0xe1, 0x32, 0x00, 0x00, 0x0a,
	0xfb, 0xff, 0xff, 0x3a, 0x84, 0x10, 0x9b, 0xe7, 0xb4, 0x20, 0x9c, 0xe1,
	0x01, 0x24, 0x82, 0xe3, 0x72, 0xfd, 0xff, 0xea, 0x98, 0x13, 0x9f, 0xe5,
	0x20, 0x20, 0xa0, 0xe3, 0x01, 0x24, 0x82, 0xe3, 0x6e, 0xfd, 0xff, 0xeb,
	0x01, 0x13, 0xa0, 0xe3, 0x01, 0x1c, 0x81, 0xe2, 0x02, 0x29, 0xa0, 0xe3,
	0xb4, 0x23, 0xc1, 0xe1, 0x07, 0x20, 0xa0, 0xe3, 0xb0, 0x24, 0xc1, 0xe1,
	0xe7, 0xff, 0xff, 0xea, 0x70, 0x13, 0x9f, 0xe5, 0x08, 0x20, 0xa0, 0xe3,
	0x01, 0x24, 0x82, 0xe3, 0x63, 0xfd, 0xff, 0xeb, 0x01, 0x13, 0xa0, 0xe3,
	0x80, 0x20, 0xa0, 0xe3, 0xb0, 0x18, 0xc1, 0xe1, 0xb2, 0x18, 0xc1, 0xe1,
	0xb4, 0x18, 0xc1, 0xe1, 0xb4, 0x28, 0xc1, 0xe1, 0xb8, 0x28, 0xd1, 0xe1,
	0x3f, 0x2b, 0xc2, 0xe3, 0xb8, 0x28, 0xc1, 0xe1, 0x70, 0x20, 0xa0, 0xe3,
	0xb0, 0x27, 0xc1, 0xe1, 0xb4, 0x18, 0xc1, 0xe1, 0xd4, 0xff, 0xff, 0xea,
	0x01, 0x13, 0xa0, 0xe3, 0x01, 0x24, 0xa0, 0xe3, 0x18, 0x20, 0x82, 0xe2,
	0x52, 0xfd, 0xff, 0xeb, 0x50, 0x10, 0x81, 0xe2, 0x50, 0xfd, 0xff, 0xeb,
	0xf0, 0x10, 0x81, 0xe2, 0x00, 0x40, 0xa0, 0xe3, 0x04, 0x40, 0x81, 0xe4,
	0x04, 0x40, 0x81, 0xe4, 0x00, 0x40, 0x81, 0xe5, 0x82, 0x1f, 0x41, 0xe2,
	0x01, 0x4c, 0xa0, 0xe3, 0xb0, 0x42, 0xc1, 0xe1, 0xb6, 0x42, 0xc1, 0xe1,
	0xb0, 0x43, 0xc1, 0xe1, 0xb6, 0x43, 0xc1, 0xe1, 0xc0, 0xff, 0xff, 0xea,
	0x1e, 0x58, 0xbd, 0xe8, 0x1e, 0xff, 0x2f, 0xe1, 0x00, 0x00, 0xa0, 0xe1,
	0x00, 0x00, 0xa0, 0xe1, 0xe0, 0xe1, 0xe2, 0xe3, 0xe4, 0xe5, 0xe6, 0xe7,
	0xe8, 0xe9, 0xea, 0xeb, 0xd0, 0xd1, 0xd2, 0xd3, 0xd4, 0xd5, 0xd6, 0xd7,
	0xd8, 0xd9, 0xda, 0xdb, 0xc0, 0xc1, 0xc2, 0xc3, 0xc4, 0xc5, 0xc6, 0xc7,
	0xc8, 0xc9, 0xca, 0xcb, 0xb0, 0xb1, 0xb2, 0xb3, 0xb4, 0xb5, 0xb6, 0xb7,
	0xb8, 0xb9, 0xba, 0xbb, 0xa0, 0xa1, 0xa2, 0xa3, 0xa4, 0xa5, 0xa6, 0xa7,
	0xa8, 0xa9, 0xaa, 0xab, 0x90, 0x91, 0x92, 0x93, 0x94, 0x95, 0x96, 0x97,
	0x98, 0x99, 0x9a, 0x9b, 0x80, 0x81, 0x82, 0x83, 0x84, 0x85, 0x86, 0x87,
	0x88, 0x89, 0x8a, 0x8b, 0x70, 0x71, 0x72, 0x73, 0x74, 0x75, 0x76, 0x77,
	0x78, 0x79, 0x7a, 0x7b, 0x60, 0x61, 0x62, 0x63, 0x64, 0x65, 0x66, 0x67,
	0x68, 0x69, 0x6a, 0x6b, 0x50, 0x51, 0x52, 0x53, 0x54, 0x55, 0x56, 0x57,
	0x58, 0x59, 0x5a, 0x5b, 0x40, 0x41, 0x42, 0x43, 0x44, 0x45, 0x46, 0x47,
	0x48, 0x49, 0x4a, 0x4b, 0x30, 0x31, 0x32, 0x33, 0x34, 0x35, 0x36, 0x37,
	0x38, 0x39, 0x3a, 0x3b, 0x20, 0x21, 0x22, 0x23, 0x24, 0x25, 0x26, 0x27,
	0x28, 0x29, 0x2a, 0x2b, 0x10, 0x11, 0x12, 0x13, 0x14, 0x15, 0x16, 0x17,
	0x18, 0x19, 0x1a, 0x1b, 0x00, 0x01, 0x02, 0x03, 0x04, 0x05, 0x06, 0x07,
	0x08, 0x09, 0x0a, 0x0b, 0x00, 0x00, 0x00, 0x80, 0x97, 0x7c, 0x9c, 0x87,
	0x1e, 0xd6, 0xac, 0x8f, 0x52, 0xf0, 0x37, 0x98, 0xcc, 0x17, 0x45, 0xa1,
	0x48, 0x08, 0xdc, 0xaa, 0x34, 0xf3, 0x04, 0xb5, 0xbb, 0x86, 0xc8, 0xbf,
	0x2a, 0xf5, 0x2f, 0xcb, 0xcb, 0xfc, 0x44, 0xd7, 0x3a, 0xf0, 0x11, 0xe4,
	0x39, 0xbf, 0xa1, 0xf1, 0x70, 0x00, 0x2d, 0xe9, 0x02, 0x2c, 0xa0, 0xe1,
	0xb2, 0x00, 0x51, 0xe3, 0x11, 0x00, 0x00, 0xca, 0xe4, 0x31, 0x9f, 0xe5,
	0xb4, 0x40, 0x83, 0xe2, 0x01, 0x50, 0xf3, 0xe7, 0x0f, 0x60, 0x05, 0xe2,
	0x06, 0x61, 0x94, 0xe7, 0x25, 0x52, 0xa0, 0xe1, 0x36, 0x65, 0xa0, 0xe1,
	0x01, 0x30, 0xd3, 0xe5, 0x0f, 0x10, 0x03, 0xe2, 0x01, 0x41, 0x94, 0xe7,
	0x23, 0x32, 0xa0, 0xe1, 0x34, 0x43, 0x66, 0xe0, 0x94, 0x32, 0x81, 0xe0,
	0x06, 0x10, 0x81, 0xe0, 0x04, 0x20, 0x90, 0xe5, 0x92, 0x31, 0x80, 0xe0,
	0x70, 0x00, 0xbd, 0xe8, 0x1e, 0xff, 0x2f, 0xe1, 0xff, 0x24, 0xa0, 0xe3,
	0xb2, 0x10, 0xa0, 0xe3, 0xea, 0xff, 0xff, 0xea, 0x94, 0x21, 0x9f, 0xe5,
	0x23, 0x30, 0xa0, 0xe3, 0x03, 0x20, 0x80, 0xe7, 0x01, 0x30, 0x53, 0xe2,
	0xfc, 0xff, 0xff, 0xaa, 0x1e, 0xff, 0x2f, 0xe1, 0x28, 0x02, 0x00, 0x00,
	0x28, 0x02, 0x00, 0x00, 0x28, 0x02, 0x00, 0x00, 0x28, 0x02, 0x00, 0x00,
	0x28, 0x02, 0x00, 0x00, 0x28, 0x02, 0x00, 0x00, 0x28, 0x02, 0x00, 0x00,
	0x28, 0x02, 0x00, 0x00, 0x28, 0x02, 0x00, 0x00, 0x28, 0x02, 0x00, 0x00,
	0x28, 0x02, 0x00, 0x00, 0x28, 0x02, 0x00, 0x00, 0x28, 0x02, 0x00, 0x00,
	0x28, 0x02, 0x00, 0x00, 0x28, 0x02, 0x00, 0x00, 0x28, 0x02, 0x00, 0x00,
	0x28, 0x02, 0x00, 0x00, 0x28, 0x02, 0x00, 0x00, 0x28, 0x02, 0x00, 0x00,
	0x28, 0x02, 0x00, 0x00, 0x28, 0x02, 0x00, 0x00, 0x28, 0x02, 0x00, 0x00,
	0x28, 0x02, 0x00, 0x00, 0x28, 0x02, 0x00, 0x00, 0x28, 0x02, 0x00, 0x00,
	0x28, 0x02, 0x00, 0x00, 0x28, 0x02, 0x00, 0x00, 0x28, 0x02, 0x00, 0x00,
	0x28, 0x02, 0x00, 0x00, 0x28, 0x02, 0x00, 0x00, 0x28, 0x02, 0x00, 0x00,
	0x28, 0x02, 0x00, 0x00, 0x28, 0x02, 0x00, 0x00, 0x28, 0x02, 0x00, 0x00,
	0x28, 0x02, 0x00, 0x00, 0x10, 0x40, 0x2d, 0xe9, 0x00, 0x40, 0xa0, 0xe1,
	0x01, 0x13, 0xa0, 0xe3, 0xb6, 0x1c, 0xc1, 0xe1, 0xb2, 0x1d, 0xc1, 0xe1,
	0x8f, 0x20, 0xa0, 0xe3, 0xb4, 0x28, 0xc1, 0xe1, 0xb8, 0x2d, 0xdf, 0xe1,
	0xb2, 0x28, 0xc1, 0xe1, 0x89, 0x20, 0xd1, 0xe5, 0x40, 0x20, 0x82, 0xe3,
	0x89, 0x20, 0xc1, 0xe5, 0x35, 0x2e, 0x80, 0xe2, 0xbc, 0x20, 0x81, 0xe5,
	0xa0, 0x20, 0x81, 0xe2, 0xc0, 0x20, 0x81, 0xe5, 0x26, 0x2d, 0x80, 0xe2,
	0xc8, 0x20, 0x81, 0xe5, 0xa4, 0x20, 0x81, 0xe2, 0xcc, 0x20, 0x81, 0xe5,
	0xa8, 0x20, 0x9f, 0xe5, 0x00, 0x00, 0x82, 0xe5, 0x00, 0x00, 0xa0, 0xe3,
	0x01, 0x00, 0x2d, 0xe9, 0x04, 0x00, 0x4d, 0xe2, 0x04, 0x10, 0xa0, 0xe1,
	0xfb, 0x2f, 0xa0, 0xe3, 0x01, 0x24, 0x82, 0xe3, 0x84, 0xfc, 0xff, 0xeb,
	0x01, 0x00, 0xbd, 0xe8, 0x08, 0x00, 0xa0, 0xe3, 0x06, 0x00, 0xc4, 0xe5,
	0x0f, 0x00, 0xa0, 0xe3, 0x07, 0x00, 0xc4, 0xe5, 0xb4, 0x07, 0xdf, 0xe1,
	0x38, 0x00, 0x84, 0xe5, 0x70, 0x00, 0x9f, 0xe5, 0x28, 0x00, 0x84, 0xe5,
	0x2c, 0x00, 0x84, 0xe5, 0x30, 0x00, 0x84, 0xe5, 0x3c, 0x00, 0x84, 0xe5,
	0x60, 0x00, 0x9f, 0xe5, 0x34, 0x00, 0x84, 0xe5, 0x5c, 0x00, 0x9f, 0xe5,
	0x00, 0x00, 0x84, 0xe5, 0x10, 0x40, 0xbd, 0xe8, 0x1e, 0xff, 0x2f, 0xe1,
	0xe0, 0x7f, 0x00, 0x03, 0xa0, 0x7f, 0x00, 0x03, 0x00, 0x7f, 0x00, 0x03,
	0x00, 0xfe, 0xff, 0xff, 0x7f, 0x18, 0xae, 0xba, 0xdc, 0x07, 0x00, 0x00,
	0xc8, 0x08, 0x00, 0x00, 0xe0, 0x08, 0x00, 0x00, 0x78, 0x0c, 0x00, 0x00,
	0x78, 0x0c, 0x00, 0x00, 0x8e, 0x0c, 0x00, 0x00, 0xd8, 0x0c, 0x00, 0x00,
	0x20, 0x01, 0x00, 0x04, 0x60, 0x00, 0x00, 0x04, 0xc0, 0x0d, 0x00, 0x00,
	0x00, 0x00, 0x00, 0x00, 0x0e, 0xa9, 0x00, 0x00, 0xf0, 0x7f, 0x00, 0x03,
	0x25, 0x24, 0x00, 0x00, 0x28, 0x02, 0x00, 0x00, 0x20, 0x0f, 0x00, 0x00,
	0x53, 0x6d, 0x73, 0x68, 0xb6, 0x1c, 0xa0, 0xe3, 0x01, 0x03, 0xa0, 0xe3,
	0xb6, 0x1c, 0xc0, 0xe1, 0xb2, 0x1d, 0xc0, 0xe1, 0x1e, 0xff, 0x2f, 0xe1,
	0x10, 0x40, 0x2d, 0xe9, 0xb0, 0x40, 0x9f, 0xe5, 0x00, 0x40, 0x94, 0xe5,
	0x00, 0x10, 0x94, 0xe5, 0xa8, 0x00, 0x9f, 0xe5, 0x01, 0x00, 0x40, 0xe0,
	0x01, 0x00, 0x50, 0xe3, 0x10, 0x00, 0x00, 0x8a, 0x01, 0x10, 0x81, 0xe2,
	0x00, 0x10, 0x84, 0xe5, 0x01, 0x13, 0xa0, 0xe3, 0xb6, 0x1c, 0xc1, 0xe1,
	0xb2, 0x1d, 0xc1, 0xe1, 0x04, 0x10, 0xc4, 0xe5, 0x00, 0x00, 0xa0, 0xe3,
	0x01, 0x00, 0x2d, 0xe9, 0x04, 0x00, 0x4d, 0xe2, 0x35, 0x1e, 0x84, 0xe2,
	0xc6, 0x2f, 0xa0, 0xe3, 0x01, 0x24, 0x82, 0xe3, 0x42, 0xfc, 0xff, 0xeb,
	0x01, 0x00, 0xbd, 0xe8, 0x00, 0x10, 0x94, 0xe5, 0x01, 0x10, 0x41, 0xe2,
	0x00, 0x10, 0x84, 0xe5, 0x10, 0x40, 0xbd, 0xe8, 0x1e, 0xff, 0x2f, 0xe1,
	0x48, 0x00, 0x9f, 0xe5, 0x00, 0x00, 0x90, 0xe5, 0x00, 0x10, 0x90, 0xe5,
	0x44, 0x20, 0x9f, 0xe5, 0x02, 0x00, 0x51, 0xe1, 0x0c, 0x00, 0x00, 0x1a,
	0x04, 0x10, 0xd0, 0xe5, 0x01, 0x10, 0x51, 0xe2, 0x04, 0x10, 0xc0, 0xe5,
	0x08, 0x00, 0x00, 0xca, 0x0b, 0x10, 0xd0, 0xe5, 0x04, 0x10, 0xc0, 0xe5,
	0x00, 0x00, 0xa0, 0xe3, 0xb6, 0x1c, 0xa0, 0xe3, 0x01, 0x23, 0xa0, 0xe3,
	0xb6, 0x0c, 0xc2, 0xe1, 0xb2, 0x0d, 0xc2, 0xe1, 0xb6, 0x1c, 0xc2, 0xe1,
	0xb2, 0x1d, 0xc2, 0xe1, 0x1e, 0xff, 0x2f, 0xe1, 0xf0, 0x7f, 0x00, 0x03,
	0x54, 0x6d, 0x73, 0x68, 0x53, 0x6d, 0x73, 0x68, 0x00, 0x00, 0xa0, 0xe1,
	0x30, 0x00, 0x30, 0x00, 0xff, 0x00, 0x9e, 0x00, 0x01, 0xf8, 0xf8, 0x80,
	0xfc, 0x80, 0x00, 0x82, 0x01, 0x8d, 0x00, 0x83, 0xfc, 0x03, 0x7c, 0x7c,
	0x01, 0x01, 0x93, 0x00, 0x02, 0x7c, 0x3c, 0x3e, 0x81, 0x7f, 0x00, 0x3e,
	0xb8, 0x00, 0x01, 0xff, 0xff, 0x80, 0x7f, 0x80, 0x00, 0x01, 0xff, 0xff,
	0x80, 0x7f, 0x8d, 0x00, 0x80, 0x3f, 0x82, 0x00, 0x80, 0x3f, 0xd3, 0x00,
	0x01, 0xc0, 0xc0, 0x81, 0xe0, 0x01, 0xff, 0x00, 0x82, 0xc3, 0x04, 0xe1,
	0xff, 0x00, 0x07, 0x07, 0x81, 0x03, 0x00, 0x0f, 0x85, 0x00, 0x05, 0xff,
	0xff, 0xf0, 0xf0, 0xf8, 0xf8, 0x81, 0xff, 0x81, 0xf0, 0x09, 0xff, 0xff,
	0x0f, 0x0f, 0x01, 0x01, 0x00, 0x00, 0x0f, 0x0f, 0x85, 0x00, 0x02, 0xff,
	0x7c, 0x7c, 0x80, 0x3c, 0x04, 0x3e, 0x3e, 0xff, 0x78, 0x78, 0x80, 0x7c,
	0x02, 0x3c, 0x3c, 0x0f, 0x93, 0x00, 0x00, 0xf0, 0x84, 0x00, 0x00, 0x3f,
	0x8d, 0x00, 0x07, 0xf8, 0xfc, 0xfc, 0x7e, 0x7e, 0xfe, 0xfe, 0xfc, 0x80,
	0xff, 0x04, 0xe7, 0x87, 0x07, 0x07, 0x0f, 0x8d, 0x00, 0x02, 0xfc, 0xf8,
	0xe0, 0x80, 0xc0, 0x04, 0xc3, 0xcf, 0x1f, 0x3f, 0x7f, 0x82, 0xff, 0x8d,
	0x00, 0x80, 0xff, 0x00, 0xfe, 0x81, 0xe0, 0x03, 0xff, 0x7f, 0x3f, 0x1f,
	0x80, 0x01, 0xb1, 0x00, 0x00, 0xf8, 0x80, 0xfe, 0x00, 0x1f, 0x80, 0x00,
	0x04, 0x03, 0x07, 0x0f, 0x8f, 0xcf, 0x80, 0x00, 0x04, 0x3e, 0x1f, 0x0f,
	0x0f, 0x07, 0x85, 0x00, 0x80, 0xfe, 0x00, 0xf8, 0x81, 0x00, 0x0a, 0xef,
	0xef, 0xf7, 0xfb, 0x78, 0x7c, 0xfe, 0xff, 0x03, 0x03, 0x01, 0x80, 0x00,
	0x01, 0x3f, 0x7f, 0x86, 0x00, 0x16, 0x80, 0xc0, 0xe0, 0xe0, 0xf0, 0xf8,
	0x7c, 0xef, 0xff, 0xf7, 0xf3, 0xf1, 0xe1, 0xe0, 0xc0, 0x7f, 0xff, 0xf9,
	0xf9, 0xff, 0x7f, 0x7f, 0x3f, 0xb0, 0x00, 0x04, 0xf0, 0xfc, 0xfe, 0xfe,
	0x7f, 0x80, 0x00, 0x04, 0x1f, 0x3f, 0x3f, 0x7e, 0x7e, 0x87, 0x00, 0x07,
	0x80, 0xf0, 0xfc, 0xfe, 0xfe, 0x7f, 0x3f, 0xbf, 0x81, 0xff, 0x09, 0xfe,
	0xfe, 0x7e, 0x3f, 0x3f, 0x1f, 0x07, 0x00, 0x7e, 0x7f, 0x85, 0x00, 0x07,
	0x3f, 0x3f, 0x7f, 0xff, 0xfe, 0xfe, 0xfc, 0xf0, 0x80, 0xfc, 0x81, 0xff,
	0x05, 0xbf, 0x3f, 0x3f, 0x1f, 0xff, 0xff, 0x80, 0x7f, 0xa8, 0x00, 0x04,
	0xfe, 0xfe, 0xff, 0xff, 0x7f, 0x95, 0x00, 0x02, 0x7f, 0x3f, 0x3f, 0xbe,
	0x00, 0x03, 0xc0, 0xe0, 0xf0, 0xf8, 0x81, 0x00, 0x03, 0x07, 0x07, 0x03,
	0x01, 0x8d, 0x00, 0x04, 0xf8, 0xfc, 0xfc, 0x7e, 0x7e, 0x80, 0x3f, 0x00,
	0x01, 0x94, 0x00, 0x01, 0x3f, 0x3f, 0x83, 0x1f, 0x95, 0x00, 0x07, 0x1f,
	0x3f, 0x3f, 0x3e, 0x3e, 0x7e, 0x7c, 0x7c, 0x99, 0x00, 0x03, 0xf0, 0xf0,
	0xe0, 0xe0, 0x81, 0x00, 0x03, 0x01, 0x01, 0x03, 0x03, 0x8d, 0x00, 0x00,
	0xe0, 0x84, 0xc0, 0x80, 0x07, 0x82, 0x0f, 0x8d, 0x00, 0x81, 0xc0, 0x80,
	0xe0, 0x00, 0xf0, 0x82, 0x0f, 0x80, 0x07, 0x8d, 0x00, 0x0a, 0xf0, 0xf0,
	0xf8, 0xf8, 0xfc, 0x7e, 0x3e, 0x1f, 0x03, 0x03, 0x01, 0xb5, 0x00, 0x80,
	0xe0, 0x01, 0xc6, 0xcf, 0x80, 0x00, 0x04, 0x07, 0x07, 0x03, 0x63, 0xfb,
	0x8d, 0x00, 0x80, 0xff, 0x0c, 0xc0, 0xf0, 0xf8, 0x7e, 0x7e, 0xfd, 0xff,
	0xff, 0x03, 0x07, 0x1f, 0x3f, 0x3e, 0x8d, 0x00, 0x01, 0x7c, 0x38, 0x83,
	0x00, 0x01, 0x3e, 0x1e, 0xb8, 0x00, 0x80, 0x80, 0x82, 0x00, 0x80, 0x0f,
	0x8d, 0x00, 0x80, 0x80, 0x82, 0xff, 0x80, 0x0f, 0x82, 0xff, 0x80, 0x00,
	0x82, 0x03, 0x85, 0x00, 0x83, 0x80, 0x01, 0x00, 0x00, 0x83, 0x0f, 0xd4,
	0x00, 0x02, 0xf8, 0xf8, 0xfc, 0x82, 0x00, 0x02, 0x01, 0x03, 0x03, 0x8d,
	0x00, 0x09, 0xfc, 0xfc, 0xf8, 0xf0, 0xf0, 0xfc, 0xff, 0x7f, 0x07, 0x07,
	0x80, 0x03, 0x00, 0x01, 0xd5, 0x00, 0x01, 0xfe, 0xfe, 0x83, 0x00, 0x01,
	0x1f, 0x1f, 0x8d, 0x00, 0x02, 0xfe, 0xfe, 0xff, 0x82, 0x00, 0x80, 0x0f,
	0xf4, 0x00, 0x05, 0x7e, 0xfe, 0xff, 0xff, 0xfe, 0x7e, 0xc0, 0x00, 0x04,
	0xc0, 0xe0, 0xe0, 0xf0, 0xf8, 0x80, 0x00, 0x04, 0x0f, 0x07, 0x07, 0x03,
	0x01, 0x8a, 0x00, 0x0b, 0x80, 0xc0, 0xc0, 0xfc, 0xfc, 0x7e, 0x3f, 0x3f,
	0x1f, 0x0f, 0x0f, 0x01, 0x8c, 0x00, 0x0b, 0xe0, 0xf0, 0xf8, 0xf8, 0xfc,
	0x7e, 0x7e, 0x3f, 0x07, 0x03, 0x01, 0x01, 0xb4, 0x00, 0x04, 0xc0, 0xf0,
	0xf8, 0xfc, 0xfc, 0x80, 0x00, 0x01, 0x3f, 0x7f, 0x80, 0xff, 0x83, 0x00,
	0x01, 0x01, 0x01, 0x85, 0x00, 0x02, 0xfe, 0xfe, 0x7e, 0x81, 0x7f, 0x01,
	0x3f, 0xfd, 0x83, 0xf8, 0x01, 0xfc, 0x01, 0x82, 0x03, 0x01, 0x01, 0x01,
	0x85, 0x00, 0x80, 0x7f, 0x0e, 0xff, 0xfe, 0xfe, 0xfc, 0xf8, 0xfc, 0xfc,
	0xfe, 0xff, 0x7f, 0x3f, 0x1f, 0x0f, 0x01, 0x01, 0xae, 0x00, 0x81, 0xf8,
	0x00, 0xfc, 0x80, 0x00, 0x00, 0x03, 0x81, 0x01, 0x8d, 0x00, 0x82, 0xfc,
	0x80, 0xfe, 0x80, 0x01, 0x92, 0x00, 0x00, 0xfe, 0x80, 0x7e, 0x80, 0x7f,
	0x00, 0x3f, 0xb8, 0x00, 0x04, 0xe0, 0xf0, 0xf0, 0xf8, 0xf8, 0x80, 0x00,
	0x01, 0x3f, 0x7f, 0x80, 0xff, 0x84, 0x00, 0x00, 0x01, 0x85, 0x00, 0x01,
	0x38, 0x18, 0x82, 0x00, 0x00, 0x80, 0x80, 0xfc, 0x04, 0xfe, 0xfe, 0x7f,
	0x7f, 0x3f, 0x80, 0x01, 0x8a, 0x00, 0x0a, 0xc0, 0xe0, 0xf0, 0xf0, 0xf8,
	0xfc, 0xfe, 0xff, 0x1f, 0x1f, 0x0f, 0x82, 0xff, 0x80, 0x00, 0x00, 0x01,
	0xac, 0x00, 0x04, 0xf0, 0xf8, 0xf8, 0xfc, 0xfc, 0x80, 0x00, 0x01, 0x3f,
	0x7f, 0x80, 0xff, 0x84, 0x00, 0x00, 0x01, 0x85, 0x00, 0x01, 0x1c, 0x00,
	0x83, 0xf0, 0x08, 0xfc, 0xfc, 0xff, 0xff, 0x3f, 0x3f, 0x7f, 0x7f, 0x01,
	0x8e, 0x00, 0x00, 0x0f, 0x81, 0xff, 0x02, 0xfe, 0x7f, 0x7e, 0x80, 0x7f,
	0x02, 0x3f, 0x1f, 0x0f, 0xb4, 0x00, 0x00, 0x80, 0x80, 0x00, 0x04, 0xfc,
	0xfc, 0xfe, 0xff, 0xff, 0x80, 0x00, 0x81, 0x01, 0x86, 0x00, 0x06, 0xc0,
	0xe0, 0xf0, 0xf0, 0xf8, 0xfc, 0x7e, 0x83, 0xff, 0x02, 0x7e, 0x7e, 0xff,
	0x84, 0x00, 0x00, 0x03, 0x85, 0x00, 0x81, 0xff, 0x81, 0x00, 0x81, 0xff,
	0x81, 0x3f, 0x80, 0x03, 0x00, 0x01, 0xac, 0x00, 0x82, 0xf0, 0x80, 0x00,
	0x82, 0xff, 0x80, 0x00, 0x00, 0x01, 0x89, 0x00, 0x83, 0xf8, 0x09, 0xdc,
	0x00, 0x01, 0x01, 0x0f, 0x3f, 0x3f, 0x7f, 0x7f, 0xff, 0x8f, 0x00, 0x01,
	0x0e, 0xfe, 0x80, 0xff, 0x08, 0xfc, 0xfe, 0xfe, 0xff, 0x7f, 0x7f, 0x3f,
	0x1f, 0x07, 0xb0, 0x00, 0x04, 0x80, 0xc0, 0xe0, 0xe0, 0xf0, 0x80, 0x00,
	0x04, 0x3f, 0x3f, 0x1f, 0x0f, 0x0f, 0x8d, 0x00, 0x0b, 0xf8, 0xfc, 0xfc,
	0xfe, 0xfe, 0xff, 0xff, 0x7f, 0x07, 0x03, 0x3f, 0x7f, 0x80, 0xff, 0x00,
	0xfc, 0x83, 0x00, 0x01, 0x01, 0x01, 0x85, 0x00, 0x80, 0x3f, 0x0e, 0xff,
	0xff, 0xfe, 0xfc, 0xf8, 0xfc, 0xfc, 0xfe, 0xff, 0xff, 0x7f, 0x3f, 0x0f,
	0x01, 0x01, 0xae, 0x00, 0x80, 0xfe, 0x01, 0xff, 0xff, 0x80, 0x00, 0x80,
	0xff, 0x01, 0x7f, 0x7f, 0x80, 0x00, 0x00, 0x01, 0x8a, 0x00, 0x03, 0x80,
	0x80, 0xc0, 0xc0, 0x80, 0xe0, 0x04, 0x7f, 0x3f, 0x3f, 0x1f, 0x1f, 0x80,
	0x0f, 0x8d, 0x00, 0x01, 0xf0, 0xf0, 0x80, 0xf8, 0x06, 0xfc, 0xfc, 0xfe,
	0x07, 0x07, 0x03, 0x03, 0x80, 0x01, 0xb1, 0x00, 0x04, 0xc0, 0xe0, 0xf0,
	0xf8, 0xf8, 0x80, 0x00, 0x82, 0xff, 0x81, 0x00, 0x00, 0x01, 0x80, 0x03,
	0x85, 0x00, 0x81, 0xf8, 0x04, 0xf0, 0xfc, 0xfe, 0xfe, 0xf1, 0x80, 0xff,
	0x06, 0x7f, 0xff, 0xff, 0xfc, 0x03, 0x03, 0x01, 0x80, 0x00, 0x01, 0x01,
	0x01, 0x85, 0x00, 0x80, 0x7f, 0x07, 0xff, 0xfe, 0xfe, 0xfc, 0xf0, 0xf8,
	0xf8, 0xfc, 0x80, 0xff, 0x01, 0x7f, 0x1f, 0x82, 0x01, 0xab, 0x00, 0x04,
	0xf0, 0xfc, 0xfe, 0xfe, 0xff, 0x80, 0x00, 0x04, 0x1f, 0x7f, 0x7f, 0xff,
	0xff, 0x8d, 0x00, 0x03, 0x7f, 0x7f, 0x3f, 0x3f, 0x80, 0xff, 0x00, 0xfe,
	0x81, 0xfc, 0x80, 0xff, 0x00, 0x7f, 0x81, 0x01, 0x89, 0x00, 0x0f, 0xfc,
	0xc0, 0xe0, 0xe0, 0xf0, 0xf8, 0xf8, 0xfc, 0x7f, 0x3f, 0x1f, 0x0f, 0x0f,
	0x07, 0x03, 0x01, 0xcd, 0x00, 0x00, 0xf8, 0x81, 0xfc, 0x00, 0xf8, 0x80,
	0x00, 0x81, 0x01, 0x92, 0x00, 0x05, 0x7e, 0xfe, 0xff, 0xff, 0xfe, 0x7e,
	0xb8, 0x00, 0x00, 0xe0, 0x81, 0xf0, 0x80, 0x00, 0x80, 0x07, 0x01, 0x0f,
	0x07, 0x8d, 0x00, 0x09, 0xe0, 0xc0, 0x00, 0x00, 0xf0, 0xf8, 0xfc, 0xfc,
	0x07, 0x03, 0x80, 0x00, 0x02, 0x01, 0x03, 0x03, 0x8d, 0x00, 0x09, 0xfc,
	0xfc, 0xf8, 0xf0, 0xf0, 0xfe, 0x7f, 0x1f, 0x07, 0x07, 0x80, 0x03, 0x00,
	0x01, 0xbc, 0x00, 0x02, 0xc0, 0xf8, 0xfe, 0x81, 0x00, 0x81, 0x03, 0x85,
	0x00, 0x02, 0xc0, 0xf0, 0xfe, 0x84, 0xff, 0x07, 0x3f, 0x0f, 0x01, 0x00,
	0x03, 0x1f, 0x03, 0x01, 0x8b, 0x00, 0x02, 0xfc, 0xe0, 0x80, 0x82, 0x00,
	0x05, 0x7f, 0xff, 0xff, 0xfc, 0xf0, 0x80, 0x80, 0x00, 0x82, 0x03, 0x00,
	0x02, 0xad, 0x00, 0x00, 0xff, 0x84, 0x00, 0x00, 0xff, 0x84, 0x00, 0x00,
	0x03, 0x85, 0x00, 0x81, 0xff, 0x01, 0x00, 0x00, 0x83, 0xff, 0x03, 0x00,
	0x00, 0xff, 0xff, 0x81, 0x03, 0x03, 0x00, 0x00, 0x03, 0x03, 0x85, 0x00,
	0x80, 0xff, 0x82, 0x00, 0x80, 0xff, 0x82, 0x00, 0x80, 0x03, 0xae, 0x00,
	0x03, 0x03, 0x1f, 0x7f, 0xff, 0x84, 0x00, 0x00, 0x03, 0x8d, 0x00, 0x03,
	0xff, 0xfe, 0xf0, 0xc0, 0x80, 0x00, 0x0b, 0xe0, 0x0f, 0x3f, 0xff, 0xff,
	0xfe, 0xfc, 0xff, 0xff, 0x00, 0x00, 0x01, 0x82, 0x03, 0x85, 0x00, 0x00,
	0xf8, 0x80, 0xff, 0x07, 0x3f, 0x0f, 0x01, 0x00, 0xff, 0x1f, 0x07, 0x01,
	0xb4, 0x00, 0x00, 0xfc, 0x80, 0xfe, 0x00, 0xff, 0x80, 0x00, 0x04, 0x07,
	0x0f, 0x0f, 0x1f, 0x1f, 0x8d, 0x00, 0x0d, 0xc7, 0xc3, 0xe0, 0xf0, 0xf8,
	0xfc, 0xfc, 0x7c, 0x1f, 0x1f, 0x0f, 0x0f, 0x07, 0x03, 0x8f, 0x00, 0x02,
	0x7e, 0x7e, 0x3e, 0x81, 0x7f, 0x00, 0x3e, 0x9a, 0x00, 0x02, 0x80, 0xc0,
	0xf0, 0x81, 0x00, 0x03, 0xfe, 0xff, 0xff, 0x3f, 0x81, 0x00, 0x03, 0x3f,
	0xff, 0xff, 0xfc, 0x83, 0x00, 0x13, 0x03, 0x07, 0xf8, 0xf8, 0x7c, 0x3e,
	0x9e, 0x9e, 0xcf, 0xcf, 0x03, 0xfc, 0xfe, 0xff, 0xbf, 0x1f, 0x0f, 0x07,
	0xe0, 0xff, 0x81, 0x7f, 0x04, 0x3e, 0x3e, 0x0f, 0x0f, 0x1f, 0x80, 0x1e,
	0x01, 0x1c, 0x3c, 0x84, 0xcf, 0x00, 0xdf, 0x81, 0x07, 0x32, 0x87, 0x87,
	0xff, 0xff, 0x3e, 0x3f, 0x1f, 0x1f, 0x9f, 0xdf, 0xff, 0xff, 0x1c, 0x1e,
	0x1e, 0x1f, 0x0f, 0x0f, 0x07, 0x03, 0xbe, 0x3e, 0xfc, 0xf8, 0xf0, 0xe0,
	0x80, 0x00, 0xff, 0x7f, 0x00, 0x03, 0x3f, 0xff, 0xff, 0xfe, 0xff, 0x7f,
	0x00, 0xc0, 0xfc, 0xff, 0xff, 0x7f, 0x01, 0x3c, 0x3f, 0x1f, 0x0f, 0x07,
	0x03, 0xa9, 0x00, 0x04, 0xfc, 0xfc, 0xfe, 0xfe, 0xff, 0x80, 0x00, 0x82,
	0x03, 0x86, 0x00, 0x06, 0x80, 0x80, 0xc0, 0xc0, 0xe0, 0xf0, 0xf0, 0x80,
	0xff, 0x04, 0xef, 0xef, 0xe7, 0xc7, 0xc3, 0x82, 0x07, 0x80, 0x0f, 0x85,
	0x00, 0x07, 0xf8, 0xf8, 0xfc, 0xfc, 0xfe, 0xfe, 0x7f, 0x7f, 0x80, 0xff,
	0x80, 0xc0, 0x03, 0x80, 0x80, 0x0f, 0x0f, 0x83, 0x1f, 0xa8, 0x00, 0x82,
	0xf8, 0x80, 0x00, 0x80, 0xff, 0x01, 0xfd, 0xe1, 0x80, 0x00, 0x04, 0x01,
	0x07, 0x07, 0x0f, 0x0f, 0x85, 0x00, 0x84, 0xfc, 0x03, 0xfe, 0xe1, 0xe1,
	0xfd, 0x80, 0xff, 0x09, 0xfc, 0xe0, 0x0f, 0x0f, 0x07, 0x03, 0x03, 0x07,
	0x0f, 0x0f, 0x85, 0x00, 0x80, 0xfe, 0x01, 0x7e, 0x7e, 0x80, 0xff, 0x80,
	0xc0, 0x01, 0xe0, 0xfc, 0x80, 0xff, 0x80, 0x1f, 0x80, 0x0f, 0x01, 0x07,
	0x01, 0xa9, 0x00, 0x03, 0xc0, 0xf0, 0xf8, 0xf8, 0x80, 0x00, 0x82, 0xff,
	0x80, 0x00, 0x81, 0x1f, 0x00, 0x0f, 0x85, 0x00, 0x00, 0xfc, 0x80, 0xfe,
	0x81, 0x7f, 0x02, 0x0f, 0x03, 0x01, 0x82, 0x00, 0x00, 0x0c, 0x8c, 0x00,
	0x00, 0xff, 0x80, 0xfe, 0x06, 0xfc, 0xf8, 0xf0, 0xc0, 0x00, 0x00, 0x83,
	0x82, 0xff, 0x01, 0x08, 0x0e, 0x80, 0x0f, 0x02, 0x07, 0x07, 0x01, 0xa8,
	0x00, 0x82, 0xf8, 0x80, 0x00, 0x82, 0xff, 0x80, 0x00, 0x04, 0x01, 0x07,
	0x0f, 0x1f, 0x3f, 0x85, 0x00, 0x83, 0xfc, 0x05, 0xfe, 0xfe, 0xe1, 0x81,
	0x01, 0x01, 0x81, 0x00, 0x00, 0x3f, 0x80, 0x7f, 0x03, 0x7e, 0x7e, 0x7f,
	0x7f, 0x85, 0x00, 0x04, 0xfe, 0xfe, 0x7e, 0xfe, 0xfe, 0x80, 0xff, 0x02,
	0x00, 0x80, 0xe0, 0x82, 0xff, 0x07, 0x7f, 0x7f, 0x3f, 0x3f, 0x1f, 0x0f,
	0x07, 0x01, 0xa8, 0x00, 0x82, 0xf8, 0x80, 0x00, 0x82, 0xff, 0x80, 0x00,
	0x00, 0x07, 0x81, 0x03, 0x85, 0x00, 0x84, 0xfc, 0x02, 0xfe, 0x01, 0x01,
	0x82, 0xff, 0x8e, 0x00, 0x04, 0xfe, 0xfe, 0x7e, 0xfe, 0xfe, 0x80, 0xff,
	0x80, 0x00, 0x82, 0xff, 0x80, 0x00, 0x81, 0x03, 0x00, 0x01, 0xa8, 0x00,
	0x82, 0xf8, 0x80, 0x00, 0x82, 0xff, 0x80, 0x00, 0x01, 0x01, 0x01, 0x88,
	0x00, 0x84, 0xfc, 0x02, 0xfe, 0x01, 0x01, 0x82, 0x3f, 0x8e, 0x00, 0x80,
	0xfe, 0x01, 0x7e, 0x7e, 0x80, 0x7f, 0xb9, 0x00, 0x03, 0xc0, 0xf0, 0xf8,
	0xfc, 0x80, 0x00, 0x82, 0xff, 0x80, 0x00, 0x81, 0x7f, 0x00, 0x3f, 0x85,
	0x00, 0x00, 0xfc, 0x80, 0xfe, 0x81, 0x7f, 0x02, 0x0f, 0x03, 0x01, 0x82,
	0xf0, 0x02, 0x30, 0x00, 0x00, 0x80, 0x3f, 0x01, 0x1f, 0x1f, 0x85, 0x00,
	0x00, 0xff, 0x80, 0xfe, 0x06, 0xfc, 0xf8, 0xf0, 0xc0, 0x80, 0x80, 0x83,
	0x82, 0xff, 0x82, 0x1f, 0x02, 0x0f, 0x0f, 0x03, 0xa8, 0x00, 0x82, 0xf8,
	0x80, 0x00, 0x80, 0x03, 0x01, 0x01, 0x01, 0x80, 0x00, 0x81, 0xf8, 0x00,
	0xfc, 0x80, 0x00, 0x00, 0x03, 0x81, 0x01, 0x84, 0xfc, 0x00, 0xfe, 0x80,
	0x01, 0x82, 0xff, 0x80, 0xfc, 0x82, 0xff, 0x80, 0x01, 0x82, 0x00, 0x80,
	0xfe, 0x01, 0x7e, 0x7e, 0x80, 0x7f, 0x85, 0x00, 0x00, 0xfe, 0x80, 0x7e,
	0x81, 0x7f, 0xa8, 0x00, 0x82, 0xf8, 0x80, 0x00, 0x80, 0x03, 0x01, 0x01,
	0x01, 0x8d, 0x00, 0x84, 0xfc, 0x00, 0xfe, 0x81, 0x01, 0x91, 0x00, 0x80,
	0xfe, 0x01, 0x7e, 0x7e, 0x80, 0x7f, 0x99, 0x00, 0x80, 0x80, 0x00, 0xc0,
	0x81, 0x00, 0x00, 0x3f, 0x80, 0x1f, 0x8d, 0x00, 0x83, 0xc0, 0x01, 0xe0,
	0xe0, 0x80, 0x1f, 0x82, 0x0f, 0x8d, 0x00, 0x81, 0xe0, 0x81, 0xf0, 0x01,
	0x0f, 0x0f, 0x83, 0x07, 0x8d, 0x00, 0x02, 0xf0, 0xf0, 0xf8, 0x81, 0xff,
	0x00, 0x7f, 0x81, 0x03, 0x01, 0x01, 0x01, 0xb2, 0x00, 0x82, 0xf8, 0x80,
	0x00, 0x04, 0x83, 0xc3, 0xc3, 0xe1, 0xf1, 0x80, 0x00, 0x04, 0xff, 0x7f,
	0x3f, 0x1f, 0x0f, 0x85, 0x00, 0x84, 0xfc, 0x0b, 0xfe, 0xf9, 0xfd, 0xff,
	0xff, 0x7f, 0xff, 0xff, 0xfe, 0x07, 0x03, 0x01, 0x81, 0x00, 0x00, 0x01,
	0x85, 0x00, 0x80, 0xfe, 0x01, 0x7e, 0x7e, 0x80, 0x7f, 0x0f, 0xfc, 0xfc,
	0xf8, 0xf0, 0xf0, 0xe0, 0xc0, 0x80, 0x03, 0x03, 0x07, 0x0f, 0x0f, 0x1f,
	0x3f, 0x3f, 0xa8, 0x00, 0x82, 0xf8, 0x80, 0x00, 0x01, 0x03, 0x03, 0x80,
	0x01, 0x8d, 0x00, 0x84, 0xfc, 0x00, 0xfe, 0x81, 0x01, 0x91, 0x00, 0x04,
	0xfe, 0xfe, 0x7e, 0xfe, 0xfe, 0x80, 0xff, 0x80, 0x00, 0x82, 0xff, 0x80,
	0x00, 0x82, 0x01, 0xa8, 0x00, 0x00, 0x80, 0x80, 0xc0, 0x00, 0xe0, 0x80,
	0x00, 0x01, 0x3f, 0x3f, 0x80, 0x7f, 0x80, 0x00, 0x04, 0x80, 0x80, 0xc0,
	0xe0, 0xe0, 0x80, 0x00, 0x81, 0x3f, 0x02, 0x7f, 0xe0, 0xe0, 0x80, 0xf0,
	0x80, 0xf8, 0x00, 0x7f, 0x81, 0xff, 0x08, 0xfb, 0xfb, 0xf9, 0xf0, 0xf0,
	0xf8, 0xf8, 0xfc, 0xfd, 0x84, 0x7f, 0x80, 0x7e, 0x80, 0xfc, 0x08, 0xfe,
	0xfe, 0x7e, 0x7f, 0x7f, 0xf1, 0xf1, 0xf0, 0xf0, 0x81, 0xe0, 0x07, 0x3f,
	0x3f, 0x1f, 0x1f, 0x0f, 0x07, 0x07, 0x03, 0x85, 0x7e, 0xa0, 0x00, 0x82,
	0xf8, 0x80, 0x00, 0x04, 0x03, 0x07, 0x07, 0x0f, 0x1f, 0x80, 0x00, 0x80,
	0xf8, 0x01, 0xfc, 0xfc, 0x80, 0x00, 0x82, 0x01, 0x84, 0xfc, 0x07, 0xfe,
	0x1f, 0x3f, 0x7f, 0x7f, 0xff, 0xfe, 0xfe, 0x82, 0xfc, 0x00, 0xfe, 0x80,
	0xff, 0x01, 0x01, 0x01, 0x83, 0x00, 0x80, 0xfe, 0x01, 0x7e, 0x7e, 0x80,
	0x7f, 0x07, 0xf8, 0xf8, 0xf0, 0xe0, 0xe0, 0xc0, 0x80, 0x80, 0x84, 0x7f,
	0x00, 0x3f, 0xa9, 0x00, 0x03, 0xc0, 0xf0, 0xf8, 0xfc, 0x80, 0x00, 0x82,
	0xff, 0x80, 0x00, 0x04, 0x07, 0x1f, 0x3f, 0x7f, 0x7f, 0x85, 0x00, 0x00,
	0xfc, 0x80, 0xfe, 0x81, 0x7f, 0x02, 0x87, 0x01, 0x01, 0x82, 0x00, 0x02,
	0xff, 0xfe, 0xfe, 0x80, 0xfc, 0x01, 0xfe, 0xfe, 0x80, 0x00, 0x01, 0x01,
	0x01, 0x80, 0x00, 0x00, 0xff, 0x80, 0xfe, 0x06, 0xfc, 0xf8, 0xf0, 0xc0,
	0x00, 0x00, 0xc3, 0x84, 0xff, 0x05, 0x7f, 0x7f, 0x3f, 0x1f, 0x07, 0x01,
	0xa8, 0x00, 0x82, 0xf8, 0x80, 0x00, 0x81, 0xff, 0x00, 0xf1, 0x80, 0x00,
	0x04, 0x01, 0x03, 0x07, 0x0f, 0x0f, 0x85, 0x00, 0x84, 0xfc, 0x00, 0xfe,
	0x80, 0xe1, 0x01, 0xf1, 0xfe, 0x80, 0xff, 0x81, 0x0f, 0x03, 0x07, 0x07,
	0x03, 0x01, 0x85, 0x00, 0x80, 0xfe, 0x01, 0x7e, 0x7e, 0x80, 0x7f, 0x99,
	0x00, 0x03, 0xc0, 0xf0, 0xf8, 0xf8, 0x80, 0x00, 0x82, 0xff, 0x80, 0x00,
	0x04, 0x07, 0x1f, 0x3f, 0x7f, 0x7f, 0x85, 0x00, 0x00, 0xfc, 0x80, 0xfe,
	0x81, 0x7f, 0x02, 0x87, 0x01, 0x01, 0x82, 0x00, 0x02, 0xff, 0xfe, 0xfe,
	0x80, 0xfc, 0x01, 0xfe, 0xfe, 0x81, 0x00, 0x05, 0x01, 0x01, 0x00, 0x00,
	0x7f, 0xff, 0x80, 0xfe, 0x05, 0xfc, 0xf8, 0xe0, 0x00, 0x00, 0x81, 0x82,
	0xff, 0x07, 0xfe, 0xff, 0x7f, 0x7f, 0x3f, 0x1f, 0x0f, 0x07, 0x85, 0x00,
	0x02, 0xc0, 0x80, 0x80, 0x82, 0x00, 0x81, 0xff, 0x0b, 0xfc, 0xf8, 0xe0,
	0x80, 0x00, 0x01, 0x07, 0x3f, 0x1f, 0x0f, 0x07, 0x03, 0xa8, 0x00, 0x82,
	0xf8, 0x80, 0x00, 0x80, 0xff, 0x01, 0xfd, 0xe1, 0x80, 0x00, 0x01, 0x03,
	0x07, 0x80, 0x0f, 0x85, 0x00, 0x84, 0xfc, 0x04, 0xfe, 0xc1, 0xc1, 0xe1,
	0xfd, 0x81, 0xff, 0x80, 0x1f, 0x04, 0x0f, 0x0f, 0x07, 0x01, 0x01, 0x85,
	0x00, 0x01, 0xfe, 0xfe, 0x80, 0x7e, 0x80, 0x7f, 0x0f, 0xfc, 0xf8, 0xf8,
	0xf0, 0xf0, 0xe0, 0xe0, 0xc0, 0x03, 0x03, 0x07, 0x07, 0x0f, 0x0f, 0x1f,
	0x1f, 0xa8, 0x00, 0x04, 0xe0, 0xf0, 0xf8, 0xfc, 0xfc, 0x80, 0x00, 0x00,
	0x7f, 0x81, 0xff, 0x81, 0x00, 0x01, 0x01, 0x01, 0x87, 0x00, 0x80, 0xfc,
	0x0c, 0xf8, 0xf0, 0xe0, 0xc0, 0x80, 0xe1, 0x01, 0x03, 0x07, 0x0f, 0x1f,
	0x3f, 0x7f, 0x8e, 0x00, 0x01, 0x02, 0x0e, 0x81, 0xff, 0x02, 0xfc, 0x7f,
	0x7e, 0x81, 0x7f, 0x01, 0x3f, 0x0f, 0xb0, 0x00, 0x01, 0xfe, 0xfe, 0x80,
	0xff, 0x80, 0x00, 0x82, 0xff, 0x80, 0x00, 0x82, 0x1f, 0x85, 0x00, 0x80,
	0x80, 0x82, 0xc0, 0x00, 0x3f, 0x83, 0x1f, 0x00, 0x0f, 0x8d, 0x00, 0x01,
	0xc0, 0xc0, 0x83, 0xe0, 0x83, 0x0f, 0x01, 0x07, 0x07, 0xb0, 0x00, 0x81,
	0xfc, 0x00, 0xfe, 0x80, 0x00, 0x01, 0x01, 0x01, 0x83, 0x00, 0x80, 0xfc,
	0x01, 0xfe, 0xfe, 0x85, 0x00, 0x80, 0xfe, 0x80, 0x7e, 0x01, 0x7f, 0x7f,
	0x85, 0x00, 0x03, 0xfe, 0xfe, 0x7e, 0x7e, 0x81, 0x7f, 0x85, 0x00, 0x01,
	0x7f, 0x7f, 0x80, 0xfe, 0x05, 0xfc, 0xf8, 0xe0, 0x00, 0x80, 0xc1, 0x82,
	0xff, 0x80, 0x3f, 0x04, 0x1f, 0x1f, 0x0f, 0x07, 0x01, 0xa8, 0x00, 0x04,
	0x3f, 0x3f, 0x7f, 0x7e, 0x7e, 0x80, 0x00, 0x04, 0xe0, 0xf0, 0xf0, 0xf8,
	0xf8, 0x80, 0x00, 0x04, 0x0f, 0x07, 0x07, 0x03, 0x03, 0x85, 0x00, 0x02,
	0x7e, 0x7e, 0xfe, 0x84, 0xfc, 0x07, 0xfe, 0xfe, 0x7f, 0x7f, 0x3f, 0x3f,
	0x01, 0x01, 0x8b, 0x00, 0x81, 0xf8, 0x81, 0xf0, 0x07, 0x1f, 0x0f, 0x0f,
	0x07, 0x07, 0x03, 0x03, 0x01, 0xb0, 0x00, 0x00, 0x7f, 0x81, 0x7e, 0x80,
	0x00, 0x04, 0xe0, 0xe0, 0xf0, 0xf0, 0xf8, 0x80, 0x00, 0x81, 0x07, 0x00,
	0x0f, 0x80, 0x00, 0x05, 0xfc, 0xfe, 0xfe, 0x7f, 0x7f, 0xfe, 0x81, 0xfc,
	0x81, 0xf8, 0x0a, 0xfc, 0xfc, 0xfe, 0xfe, 0xff, 0xbf, 0x3f, 0x8f, 0x8f,
	0xcf, 0xdf, 0x81, 0xff, 0x09, 0x3f, 0x3f, 0x1f, 0x1f, 0x0f, 0x0f, 0x07,
	0x07, 0xf8, 0xf8, 0x81, 0xf0, 0x09, 0xe0, 0xe0, 0x1f, 0x1f, 0x0f, 0x0f,
	0x07, 0x07, 0x03, 0x01, 0x80, 0xff, 0x08, 0xfe, 0xfe, 0x7e, 0x7c, 0x3c,
	0x03, 0x03, 0x01, 0x01, 0xa4, 0x00, 0x04, 0xf8, 0xf0, 0xe0, 0xe0, 0xc0,
	0x80, 0x00, 0x04, 0x07, 0x0f, 0x0f, 0x1f, 0xbf, 0x80, 0x00, 0x04, 0xfc,
	0xfe, 0xfe, 0xff, 0x7f, 0x80, 0x00, 0x06, 0x07, 0x03, 0x01, 0x00, 0x00,
	0x80, 0x80, 0x82, 0x00, 0x00, 0x80, 0x81, 0xff, 0x0b, 0xfe, 0xfe, 0xff,
	0xff, 0x3f, 0x1f, 0x0f, 0x0f, 0x07, 0x03, 0x03, 0x07, 0x85, 0x00, 0x06,
	0x80, 0xc0, 0xe0, 0xf0, 0xf8, 0xfc, 0xfe, 0x81, 0xff, 0x0c, 0xef, 0xc7,
	0x83, 0x83, 0x01, 0x07, 0x0f, 0x0f, 0x1f, 0x3f, 0x3f, 0x7f, 0xff, 0xa8,
	0x00, 0x04, 0x3f, 0x3f, 0x7f, 0x7e, 0x7e, 0x80, 0x00, 0x04, 0xf0, 0xf8,
	0xf8, 0xfc, 0xfe, 0x80, 0x00, 0x04, 0x0f, 0x07, 0x03, 0x01, 0x01, 0x85,
	0x00, 0x00, 0xfe, 0x80, 0xfc, 0x0b, 0xf8, 0xf8, 0xf0, 0xf0, 0xfe, 0x7f,
	0x7f, 0x3f, 0x1f, 0x1f, 0x0f, 0x07, 0x8d, 0x00, 0x81, 0xf0, 0x81, 0xf8,
	0x01, 0x07, 0x07, 0x83, 0x03, 0xb0, 0x00, 0x80, 0xe0, 0x01, 0xf0, 0xf0,
	0x80, 0x00, 0x82, 0xff, 0x80, 0x00, 0x80, 0xff, 0x01, 0x7f, 0x3f, 0x80,
	0x00, 0x01, 0x03, 0x01, 0x87, 0x00, 0x0e, 0x80, 0xc0, 0xe0, 0xf0, 0xf8,
	0xfc, 0xfe, 0xff, 0x7f, 0x1f, 0x0f, 0x0f, 0x07, 0x03, 0x01, 0x87, 0x00,
	0x0a, 0x80, 0xc0, 0xe0, 0xf0, 0xf8, 0xfc, 0xfe, 0xff, 0x3f, 0x1f, 0x0f,
	0x82, 0xff, 0x80, 0x00, 0x82, 0x3f, 0x89, 0x00, 0x81, 0xf0, 0x81, 0x00,
	0x81, 0x3f, 0x8d, 0x00, 0x00, 0xf0, 0x83, 0xf8, 0x01, 0xfc, 0x3f, 0x83,
	0x01, 0x8e, 0x00, 0x82, 0xfc, 0x02, 0x7c, 0x7e, 0x7e, 0x95, 0x00, 0x80,
	0x7e, 0x01, 0xfe, 0xfe, 0x80, 0xff, 0x80, 0x00, 0x82, 0x03, 0xb0, 0x00,
	0x04, 0x1f, 0x3f, 0x3e, 0x7e, 0x7c, 0x95, 0x00, 0x07, 0x7c, 0xfc, 0xf8,
	0xf8, 0xf0, 0xf0, 0xe0, 0xe0, 0x80, 0x00, 0x80, 0x01, 0x01, 0x03, 0x03,
	0x8d, 0x00, 0x02, 0xe0, 0xc0, 0xc0, 0x80, 0x80, 0x01, 0x00, 0x00, 0x80,
	0x07, 0x04, 0x0f, 0x0f, 0x1f, 0x1f, 0x3f, 0x91, 0x00, 0x81, 0xf0, 0x81,
	0x00, 0x81, 0x3f, 0x8d, 0x00, 0x02, 0xf0, 0x00, 0x00, 0x82, 0x80, 0x01,
	0x3f, 0x3f, 0x83, 0x1f, 0x8d, 0x00, 0x01, 0x80, 0x80, 0x83, 0xc0, 0x00,
	0x1f, 0x83, 0x0f, 0x00, 0x07, 0x8d, 0x00, 0x80, 0xe0, 0x80, 0xfe, 0x01,
	0xff, 0xff, 0x83, 0x07, 0x01, 0x03, 0x03, 0xaf, 0x00, 0x0d, 0xc0, 0xc0,
	0xe0, 0xe0, 0xf0, 0xf0, 0x00, 0x00, 0x0f, 0x1f, 0x1f, 0x3f, 0x3f, 0x7f,
	0x8d, 0x00, 0x0b, 0xf8, 0xf8, 0xfc, 0xfc, 0xfe, 0x7e, 0x7f, 0x00, 0x7f,
	0xff, 0xfd, 0xfc, 0x80, 0xf8, 0x81, 0x00, 0x03, 0x01, 0x01, 0x03, 0x03,
	0xff, 0x00, 0x8a, 0x00, 0x01, 0xff, 0xff, 0x83, 0x00, 0x01, 0xff, 0xff,
	0x83, 0x00, 0x01, 0x03, 0x03, 0xa6, 0x00, 0x04, 0x3f, 0x3e, 0x7c, 0x7c,
	0xf8, 0xff, 0x00, 0x95, 0x00, 0x07, 0xc0, 0xf8, 0xfc, 0xfe, 0xfe, 0xff,
	0x7f, 0x3f, 0x82, 0xff, 0x02, 0xf8, 0xfc, 0xfc, 0x84, 0x01, 0x86, 0x00,
	0x80, 0x3f, 0x03, 0xff, 0xff, 0xfe, 0xfe, 0x80, 0xfc, 0x00, 0xfe, 0x80,
	0xff, 0x01, 0x7f, 0x7f, 0xb0, 0x00, 0x82, 0xf8, 0x80, 0x00, 0x01, 0x03,
	0x03, 0x80, 0x01, 0x8d, 0x00, 0x01, 0xf8, 0xf8, 0x83, 0xfc, 0x82, 0xff,
	0x04, 0xf1, 0xf0, 0xf0, 0x00, 0x01, 0x80, 0x03, 0x80, 0x07, 0x85, 0x00,
	0x02, 0xfe, 0xfe, 0x7e, 0x82, 0xfe, 0x02, 0xf0, 0xf0, 0xf8, 0x80, 0xff,
	0x07, 0x7f, 0x3f, 0x07, 0x07, 0x03, 0x03, 0x01, 0x01, 0xc7, 0x00, 0x08,
	0xe0, 0xf8, 0xfc, 0xfe, 0xfe, 0xff, 0x7f, 0x3f, 0xff, 0x81, 0x7f, 0x00,
	0x60, 0x8f, 0x00, 0x0b, 0x3f, 0x3f, 0x7f, 0xff, 0xfe, 0xfe, 0xfc, 0xf0,
	0x00, 0x00, 0x70, 0x7f, 0x81, 0x3f, 0xb8, 0x00, 0x82, 0xf0, 0x80, 0x00,
	0x01, 0x07, 0x07, 0x80, 0x03, 0x85, 0x00, 0x07, 0xe0, 0xf8, 0xfc, 0xfe,
	0xfe, 0xff, 0x7f, 0x7f, 0x82, 0xff, 0x02, 0xf9, 0xf8, 0xf8, 0x80, 0x03,
	0x82, 0x01, 0x85, 0x00, 0x07, 0x3f, 0x7f, 0xff, 0xff, 0xfe, 0xfe, 0xfc,
	0xf0, 0x80, 0xfc, 0x82, 0xff, 0x01, 0x01, 0x01, 0xcb, 0x00, 0x0f, 0xf0,
	0xf8, 0xfc, 0xfe, 0xfe, 0x7f, 0xff, 0xff, 0x1f, 0x3f, 0x7f, 0xff, 0xff,
	0xfc, 0xff, 0xff, 0x8d, 0x00, 0x0f, 0xff, 0x3f, 0x3f, 0xff, 0xff, 0xfe,
	0xfc, 0xf8, 0xff, 0x00, 0x60, 0x7f, 0x7f, 0x3f, 0x3f, 0x1f, 0x91, 0x00,
	0x03, 0x80, 0xc0, 0xe0, 0xe0, 0x80, 0x00, 0x82, 0xff, 0x8d, 0x00, 0x01,
	0xe0, 0xe0, 0x80, 0xfe, 0x04, 0xff, 0xff, 0xf0, 0x0f, 0x07, 0x82, 0x3f,
	0x00, 0x03, 0x8d, 0x00, 0x01, 0xf0, 0xf0, 0x83, 0xf8, 0x80, 0x03, 0x82,
	0x01, 0x8d, 0x00, 0x85, 0xfc, 0x01, 0x01, 0x01, 0xb4, 0x00, 0x01, 0xf0,
	0xf8, 0x82, 0xfc, 0x00, 0x00, 0x81, 0xff, 0x03, 0xfc, 0xf8, 0xfc, 0x00,
	0x81, 0x07, 0x80, 0x01, 0x85, 0x00, 0x07, 0xfc, 0xf8, 0xf8, 0xfc, 0xfc,
	0xfe, 0xfe, 0xfc, 0x80, 0xff, 0x05, 0x3f, 0x01, 0x01, 0x1f, 0x7f, 0x01,
	0x8c, 0x00, 0x03, 0xfc, 0xfe, 0xff, 0x3f, 0x80, 0xff, 0x00, 0xfc, 0x80,
	0xff, 0x05, 0xfc, 0xfe, 0xff, 0xff, 0x3f, 0x00, 0x81, 0x01, 0xab, 0x00,
	0x00, 0xf0, 0x81, 0xf8, 0x80, 0x00, 0x01, 0x03, 0x03, 0x80, 0x01, 0x8d,
	0x00, 0x01, 0xf8, 0xf8, 0x83, 0xfc, 0x00, 0xfd, 0x81, 0xff, 0x03, 0xf3,
	0xf1, 0xf0, 0x01, 0x84, 0x03, 0x85, 0x00, 0x02, 0xfc, 0xfe, 0xfe, 0x81,
	0x7e, 0x02, 0x7f, 0xf0, 0xf0, 0x83, 0xf8, 0x81, 0x03, 0x81, 0x01, 0xa8,
	0x00, 0x81, 0xf8, 0x00, 0x70, 0x81, 0x00, 0x01, 0x01, 0x01, 0x8f, 0x00,
	0x80, 0xfc, 0x80, 0xfe, 0x01, 0x7e, 0x7e, 0x95, 0x00, 0x01, 0x7e, 0x7e,
	0x80, 0x7f, 0x80, 0x3f, 0x99, 0x00, 0x81, 0x80, 0x81, 0x00, 0x03, 0x0f,
	0x1f, 0x1f, 0x0f, 0x8e, 0x00, 0x81, 0xc0, 0x80, 0xe0, 0x00, 0x07, 0x83,
	0x0f, 0x00, 0x07, 0x8d, 0x00, 0x81, 0xe0, 0x81, 0xf0, 0x83, 0x07, 0x01,
	0x03, 0x03, 0x8d, 0x00, 0x07, 0xf0, 0xf0, 0xf8, 0xfe, 0xfe, 0xff, 0xff,
	0x7f, 0x81, 0x03, 0x01, 0x01, 0x01, 0xb2, 0x00, 0x00, 0xf8, 0x81, 0xfc,
	0x80, 0x00, 0x80, 0x01, 0x8f, 0x00, 0x80, 0xfc, 0x01, 0xfe, 0x7e, 0x80,
	0xfe, 0x0a, 0xf8, 0xfc, 0xfe, 0xff, 0x7f, 0x3f, 0x3f, 0x1f, 0x07, 0x03,
	0x01, 0x8a, 0x00, 0x02, 0xfe, 0xff, 0xff, 0x82, 0x3f, 0x07, 0x1f, 0x1f,
	0x3f, 0x7f, 0xff, 0xfe, 0xfc, 0xfc, 0x83, 0x00, 0x01, 0x01, 0x03, 0xa8,
	0x00, 0x80, 0xf8, 0x01, 0xfc, 0xfc, 0x80, 0x00, 0x82, 0x01, 0x8d, 0x00,
	0x81, 0xfc, 0x80, 0xfe, 0x00, 0x7e, 0x95, 0x00, 0x80, 0x7e, 0x01, 0x7f,
	0x7f, 0x80, 0x3f, 0xd5, 0x00, 0x01, 0xf8, 0xf8, 0x83, 0xfc, 0x82, 0xff,
	0x03, 0xfb, 0xf8, 0xf8, 0xfc, 0x81, 0xff, 0x04, 0xe7, 0xe3, 0xe1, 0x01,
	0x03, 0x83, 0x07, 0x02, 0xfc, 0xfe, 0xfe, 0x81, 0x7e, 0x00, 0x7f, 0x81,
	0xf8, 0x81, 0xfc, 0x83, 0xf1, 0x03, 0xf0, 0xf8, 0x07, 0x07, 0x83, 0x03,
	0xbd, 0x00, 0x01, 0xf8, 0xf8, 0x83, 0xfc, 0x82, 0xff, 0x03, 0xf1, 0xf0,
	0xf0, 0x01, 0x84, 0x03, 0x85, 0x00, 0x02, 0xfc, 0xfe, 0xfe, 0x81, 0x7e,
	0x02, 0x7f, 0xf0, 0xf0, 0x83, 0xf8, 0x81, 0x03, 0x81, 0x01, 0xc5, 0x00,
	0x09, 0xe0, 0xf8, 0xfc, 0xfe, 0xfe, 0xff, 0x7f, 0x3f, 0x3f, 0x7f, 0x80,
	0xff, 0x02, 0xfc, 0xf8, 0xf8, 0x80, 0x00, 0x80, 0x01, 0x01, 0x03, 0x03,
	0x85, 0x00, 0x10, 0x3f, 0x3f, 0x7f, 0xff, 0xfe, 0xfe, 0xfc, 0xf0, 0xf8,
	0xf8, 0xfc, 0xff, 0xff, 0x7f, 0x3f, 0x1f, 0x03, 0x80, 0x01, 0x8f, 0x00,
	0x01, 0xe0, 0xe0, 0x83, 0x00, 0x01, 0x07, 0x07, 0x8d, 0x00, 0x80, 0xe0,
	0x05, 0xf0, 0xf0, 0xf8, 0xfc, 0xfe, 0x07, 0x82, 0xff, 0x05, 0xe3, 0xc3,
	0x00, 0x01, 0x03, 0x07, 0x81, 0x0f, 0x85, 0x00, 0x02, 0xfe, 0xff, 0xff,
	0x82, 0xf8, 0x03, 0xc3, 0xc3, 0xe3, 0xf1, 0x81, 0xff, 0x81, 0x0f, 0x03,
	0x07, 0x07, 0x03, 0x01, 0x85, 0x00, 0x84, 0xfc, 0x02, 0xfe, 0xff, 0x01,
	0xb4, 0x00, 0x07, 0xe0, 0xf8, 0xfc, 0xfe, 0xfe, 0xff, 0x7f, 0x00, 0x82,
	0xff, 0x02, 0xfc, 0xfc, 0x00, 0x83, 0x01, 0x86, 0x00, 0x80, 0x3f, 0x00,
	0x7f, 0x80, 0xff, 0x00, 0xfe, 0x81, 0xfc, 0x03, 0xff, 0xff, 0x7f, 0x7f,
	0x8d, 0x00, 0x00, 0xfc, 0x84, 0x00, 0x01, 0x7f, 0x7e, 0x80, 0x7f, 0x80,
	0x3f, 0xcd, 0x00, 0x01, 0xfc, 0xfc, 0x81, 0xfe, 0x01, 0x7e, 0x7e, 0x81,
	0x3f, 0x02, 0x1f, 0x1c, 0x08, 0x8e, 0x00, 0x01, 0x7e, 0x7f, 0x83, 0x3f,
	0xd5, 0x00, 0x01, 0xf8, 0xfc, 0x82, 0xfe, 0x01, 0xfc, 0x0f, 0x81, 0x1f,
	0x02, 0x18, 0x01, 0x03, 0x8d, 0x00, 0x02, 0xf8, 0xf0, 0xc3, 0x81, 0xff,
	0x01, 0xfe, 0x07, 0x82, 0x0f, 0x01, 0x07, 0x03, 0xb2, 0x00, 0x80, 0xf0,
	0x82, 0x00, 0x02, 0x07, 0x03, 0x03, 0x8d, 0x00, 0x01, 0xfe, 0xfe, 0x80,
	0xff, 0x02, 0xf8, 0xf8, 0xfc, 0x81, 0x1f, 0x00, 0x0f, 0x80, 0x01, 0x8d,
	0x00, 0x83, 0xfc, 0x04, 0xf8, 0xf0, 0x01, 0x00, 0x0c, 0x82, 0x0f, 0xcd,
	0x00, 0x01, 0xfe, 0xfe, 0x81, 0x7e, 0x02, 0x7f, 0x7f, 0xf0, 0x84, 0xf8,
	0x80, 0x03, 0x82, 0x01, 0x85, 0x00, 0x02, 0x7f, 0x3f, 0x3f, 0x80, 0xff,
	0x04, 0xfe, 0xfe, 0xfc, 0xfc, 0xfe, 0x82, 0xff, 0x01, 0x01, 0x01, 0xcb,
	0x00, 0x00, 0x1f, 0x80, 0x3f, 0x00, 0x3e, 0x80, 0xfe, 0x08, 0xfc, 0xfc,
	0xfe, 0x7e, 0x3f, 0x3f, 0x1f, 0x1f, 0x01, 0x8c, 0x00, 0x81, 0xfc, 0x81,
	0xf8, 0x06, 0x0f, 0x0f, 0x07, 0x07, 0x03, 0x03, 0x01, 0xce, 0x00, 0x01,
	0x1f, 0x1f, 0x80, 0x3f, 0x05, 0xbe, 0xfe, 0xfe, 0x3c, 0x3e, 0x7e, 0x81,
	0x7f, 0x0a, 0xff, 0xf8, 0xfc, 0xfc, 0xfe, 0x7e, 0x3f, 0x3f, 0x1f, 0x01,
	0x01, 0x83, 0x00, 0x00, 0xfe, 0x81, 0xfc, 0x80, 0xf8, 0x80, 0xff, 0x0c,
	0xfb, 0xfb, 0xf1, 0xf1, 0xf0, 0x1f, 0x0f, 0x0f, 0x07, 0x07, 0x03, 0x01,
	0x01, 0xc5, 0x00, 0x0a, 0xf8, 0xf8, 0xf0, 0xf0, 0xe0, 0xc0, 0xc0, 0x80,
	0xe1, 0xf3, 0xfb, 0x80, 0xff, 0x06, 0x7f, 0x3f, 0x0f, 0x0f, 0x07, 0x03,
	0x01, 0x88, 0x00, 0x0f, 0xc0, 0xe0, 0xf0, 0xf8, 0xfc, 0xfc, 0xfe, 0x7f,
	0x3f, 0x7f, 0x7f, 0xff, 0xff, 0xfd, 0xf8, 0xf8, 0x82, 0x00, 0x02, 0x01,
	0x03, 0x03, 0xa6, 0x00, 0x01, 0x3f, 0x3f, 0x80, 0x7e, 0x0e, 0xfc, 0xfc,
	0x00, 0xf0, 0xf8, 0xf8, 0xfc, 0xfc, 0xfe, 0x7e, 0x00, 0x03, 0x03, 0x01,
	0x01, 0x88, 0x00, 0x02, 0xfc, 0xf8, 0xf8, 0x80, 0xf0, 0x09, 0xe0, 0xe0,
	0x7f, 0x3f, 0x3f, 0x1f, 0x1f, 0x0f, 0x0f, 0x07, 0x8d, 0x00, 0x0c, 0xf0,
	0xf0, 0xf8, 0xf8, 0xfc, 0xfc, 0xfe, 0x7e, 0x07, 0x03, 0x03, 0x01, 0x01,
	0xd0, 0x00, 0x81, 0xfc, 0x03, 0x00, 0x80, 0xc0, 0xe0, 0x80, 0xff, 0x06,
	0x7f, 0x7f, 0x3f, 0x1f, 0x0f, 0x01, 0x01, 0x8b, 0x00, 0x0c, 0xe0, 0xf0,
	0xf8, 0xf8, 0xfc, 0xfe, 0xff, 0xff, 0x0f, 0x07, 0x03, 0x03, 0xff, 0x80,
	0x7f, 0x91, 0x00, 0x03, 0xe0, 0xf0, 0xf8, 0xf8, 0x81, 0x00, 0x81, 0x0f,
	0x8d, 0x00, 0x82, 0xf8, 0x03, 0xfc, 0xff, 0xff, 0x0f, 0x83, 0x01, 0x8e,
	0x00, 0x04, 0xff, 0x7f, 0xff, 0xff, 0xfc, 0x80, 0xf8, 0x81, 0x00, 0x81,
	0x01, 0x8d, 0x00, 0x83, 0xf8, 0x01, 0xf0, 0xe0, 0x80, 0x01, 0x82, 0x0f,
	0x91, 0x00, 0x81, 0x1f, 0x95, 0x00, 0x85, 0x1f, 0x95, 0x00, 0x85, 0x1f,
	0x95, 0x00, 0x85, 0x1f, 0x99, 0x00, 0x00, 0x7f, 0x80, 0xff, 0x95, 0x00,
	0x01, 0xff, 0xfc, 0x83, 0xf8, 0x83, 0x01, 0x01, 0x07, 0x0f, 0x8d, 0x00,
	0x80, 0xf0, 0x82, 0xf8, 0x81, 0x0f, 0x00, 0x03, 0x80, 0x01, 0x8d, 0x00,
	0x02, 0xf8, 0xf8, 0xfc, 0x81, 0xff, 0x02, 0x7f, 0x01, 0x01, 0xd4, 0x00,
	0x01, 0xf8, 0xfe, 0x81, 0xff, 0x03, 0x03, 0x00, 0x00, 0x87, 0x82, 0xff,
	0x01, 0x00, 0x02, 0x82, 0x03, 0x00, 0x01, 0xc7, 0x00, 0x0d, 0xff, 0xff,
	0x0f, 0x1f, 0x1f, 0x3b, 0x00, 0x00, 0xff, 0xff, 0xf0, 0xf8, 0xf8, 0xdc,
	0x8d, 0x00, 0x0b, 0x7b, 0x73, 0xe3, 0xe3, 0xc3, 0xc3, 0xe3, 0xe3, 0xde,
	0xce, 0xc7, 0xc7, 0x80, 0xc3, 0x00, 0xc7, 0x8d, 0x00, 0x0f, 0xf3, 0x73,
	0x3b, 0x3f, 0x1f, 0x0f, 0xff, 0xff, 0xcf, 0xce, 0xdc, 0xfc, 0xf8, 0xf0,
	0xff, 0xff, 0x00, 0x00, 0x80, 0x00, 0x01, 0x04, 0x00, 0x00, 0x00, 0x00,
	0x00, 0x00, 0xa0, 0xe1, 0x00, 0x00, 0xa0, 0xe1, 0x09, 0x00, 0x0a, 0x01,
	0x12, 0x02, 0x15, 0x01, 0x13, 0x01, 0x1a, 0x01, 0x19, 0x01, 0x0a, 0x02,
	0x0d, 0x02, 0x0c, 0xff, 0x12, 0x02, 0x15, 0x02, 0x0c, 0xff, 0x0f, 0x01,
	0x0a, 0x00, 0x14, 0xfe, 0x13, 0x01, 0x13, 0x05, 0x13, 0x00, 0x13, 0x01,
	0x13, 0x00, 0x13, 0x01, 0x13, 0x01, 0x13, 0x02, 0x13, 0x00, 0x13, 0x01,
	0x0a, 0x00, 0x0c, 0xff, 0x15, 0x02, 0x15, 0x02, 0x15, 0x02, 0x0e, 0x01,
	0x1f, 0x01, 0x16, 0x00, 0x16, 0x01, 0x16, 0x01, 0x19, 0x01, 0x14, 0x01,
	0x12, 0x01, 0x18, 0x01, 0x1b, 0x01, 0x0b, 0x01, 0x0e, 0xfe, 0x19, 0x01,
	0x12, 0x01, 0x21, 0x00, 0x1b, 0x01, 0x1a, 0x01, 0x15, 0x01, 0x1a, 0x01,
	0x17, 0x01, 0x11, 0x00, 0x17, 0x02, 0x1b, 0x02, 0x16, 0x02, 0x22, 0x01,
	0x1b, 0xff, 0x16, 0x02, 0x1a, 0xff, 0x0e, 0x00, 0x0f, 0x01, 0x0f, 0xfe,
	0x15, 0x02, 0x12, 0x00, 0x0b, 0x03, 0x13, 0x01, 0x13, 0x00, 0x11, 0x01,
	0x14, 0x01, 0x12, 0x01, 0x10, 0x00, 0x13, 0x00, 0x13, 0x00, 0x0a, 0x01,
	0x0d, 0xfe, 0x14, 0x01, 0x0a, 0x01, 0x1c, 0x00, 0x13, 0x00, 0x13, 0x01,
	0x15, 0x00, 0x13, 0x01, 0x0f, 0x01, 0x0d, 0x00, 0x0d, 0x00, 0x13, 0x01,
	0x12, 0x01, 0x1a, 0x01, 0x15, 0xfe, 0x12, 0x00, 0x11, 0x00, 0x0d, 0x01,
	0x09, 0x03, 0x0d, 0x01, 0x15, 0x02, 0x10, 0x00, 0xb9, 0x7e, 0x78, 0x7e,
	0x57, 0x7e, 0x36, 0x7e, 0x15, 0x7e, 0xd5, 0x7d, 0xb4, 0x7d, 0x93, 0x7d,
	0x72, 0x7d, 0x31, 0x7d, 0x11, 0x7d, 0xf0, 0x7c, 0xaf, 0x7c, 0x8e, 0x78,
	0x6e, 0x78, 0x4d, 0x78, 0x00, 0x00, 0x00, 0x00, 0x00, 0x00, 0x00, 0x00,
	0x00, 0x00, 0x00, 0xf0, 0x00, 0x00, 0x00, 0xff, 0x00, 0x00, 0xf0, 0xee,
	0x00, 0x00, 0xef, 0xde, 0x00, 0xf0, 0xef, 0xcd, 0x00, 0xf0, 0xde, 0xcc,
	0x00, 0xf0, 0xff, 0xff, 0xf0, 0xef, 0xee, 0xee, 0xef, 0xde, 0xdd, 0xdd,
	0xde, 0xdd, 0xcc, 0xcc, 0xdd, 0xcc, 0xbb, 0xbb, 0xcc, 0xbb, 0xaa, 0xaa,
	0xbc, 0xaa, 0x99, 0x99, 0xab, 0x9a, 0x88, 0x88, 0x00, 0xef, 0xdd, 0xbc,
	0x00, 0xef, 0xcd, 0xab, 0xf0, 0xde, 0xcd, 0xab, 0xf0, 0xde, 0xbc, 0x9a,
	0xf0, 0xde, 0xbc, 0x9a, 0xf0, 0xde, 0xbc, 0x9a, 0xf0, 0xde, 0xbc, 0x9a,
	0xf0, 0xde, 0xbc, 0x9a, 0x9a, 0x89, 0x78, 0x77, 0x9a, 0x78, 0x67, 0x66,
	0x89, 0x77, 0x56, 0x55, 0x88, 0x67, 0x55, 0x44, 0x78, 0x56, 0x45, 0x33,
	0x78, 0x56, 0x34, 0x22, 0x78, 0x56, 0x34, 0x12, 0x78, 0x56, 0x34, 0x12,
	0xf8, 0xf8, 0xf8, 0xf8, 0xf8, 0xf8, 0xf8, 0xf8, 0xff, 0xff, 0xff, 0x00,
	0x00, 0x00, 0x00, 0x7f, 0x7d, 0x7d, 0x7d, 0x7c, 0x7c, 0x7c, 0x7c, 0x7c,
	0x00, 0x00, 0x00, 0x00, 0xe0, 0xf8, 0x1c, 0x1e, 0x00, 0x00, 0x00, 0x00,
	0x00, 0xc7, 0xcf, 0xde, 0x00, 0x00, 0x00, 0x00, 0x00, 0xff, 0xcf, 0x8f,
	0x00, 0x00, 0x00, 0x00, 0x00, 0xc3, 0xe7, 0xf7, 0x00, 0x00, 0x00, 0x00,
	0x1e, 0xff, 0xf1, 0xe1, 0x00, 0x00, 0x00, 0x00, 0xf8, 0xf8, 0xf1, 0xf1,
	0x00, 0x00, 0x00, 0x00, 0xe0, 0xe0, 0xf1, 0xf1, 0xf0, 0xf0, 0xf0, 0x00,
	0x03, 0xf3, 0xf1, 0xf1, 0x01, 0x01, 0x01, 0x00, 0xf8, 0xf9, 0xf9, 0xf9,
	0x00, 0x00, 0x00, 0x00, 0xe0, 0xe0, 0xe0, 0xe0, 0x00, 0x00, 0x00, 0x00,
	0xf3, 0xf3, 0xe3, 0xc3, 0x00, 0x00, 0x00, 0x00, 0xe1, 0xe1, 0xf3, 0xff,
	0x00, 0x00, 0x00, 0x00, 0x03, 0x01, 0x01, 0x00, 0xf8, 0xf8, 0xf8, 0xf8,
	0xf8, 0xf8, 0xf8, 0xf8, 0x7f, 0x00, 0x00, 0x00, 0x00, 0x00, 0x00, 0x00,
	0x7c, 0x7c, 0x7c, 0x7c, 0x7c, 0x7c, 0x7c, 0x7c, 0x1e, 0xff, 0x1f, 0x1f,
	0x1e, 0x1e, 0x3c, 0xf8, 0xde, 0xdf, 0xc0, 0xc0, 0xde, 0xde, 0xcf, 0xc7,
	0x0f, 0x0f, 0x0f, 0x0f, 0x0f, 0x0f, 0x0f, 0x0f, 0xf0, 0xf0, 0xf0, 0xf0,
	0xf0, 0xe0, 0xe0, 0x80, 0xe1, 0xe1, 0xe1, 0xe1, 0xe1, 0xe1, 0xf3, 0x7f,
	0xf3, 0xe3, 0xe3, 0xc3, 0xc3, 0x81, 0x80, 0x80, 0xf1, 0xfb, 0x7b, 0x7b,
	0x3f, 0x3f, 0x1f, 0x1f, 0xf0, 0xf0, 0xf0, 0xf0, 0xf0, 0xf0, 0xf0, 0xf0,
	0xf9, 0xf9, 0xf9, 0xf9, 0xf9, 0xf9, 0xf1, 0xe1, 0xe0, 0xe0, 0xe0, 0xe0,
	0xe0, 0xe0, 0xe1, 0xff, 0x83, 0x03, 0x03, 0x83, 0xc3, 0xe3, 0xf3, 0xf3,
	0x7f, 0x3f, 0x3f, 0x7f, 0xff, 0xf3, 0xf1, 0xe1, 0x00, 0x00, 0x00, 0x00,
	0x00, 0x01, 0x01, 0x03, 0x00, 0x00, 0x00, 0x00, 0x00, 0x00, 0x00, 0x00,
	0x00, 0x00, 0x00, 0x00, 0x00, 0x00, 0x00, 0xfc, 0x00, 0x00, 0x00, 0x00,
	0x00, 0x00, 0x00, 0x1f, 0x00, 0x00, 0x00, 0x00, 0x00, 0x00, 0x00, 0x00,
	0x00, 0x00, 0x00, 0x00, 0x00, 0x00, 0x00, 0x00, 0x00, 0x00, 0x00, 0x00,
	0x00, 0x00, 0x00, 0x00, 0x00, 0x00, 0x00, 0x00, 0x00, 0x00, 0x00, 0x00,
	0x00, 0x00, 0x00, 0x00, 0x00, 0x00, 0x00, 0xf8, 0x00, 0x00, 0x00, 0x00,
	0x00, 0x00, 0x00, 0x1f, 0x00, 0x00, 0x00, 0x00, 0x00, 0x00, 0x00, 0xfc,
	0x00, 0x00, 0x00, 0x00, 0x00, 0x00, 0x00, 0x00, 0x00, 0x00, 0x00, 0x00,
	0x00, 0x00, 0x00, 0x00, 0x00, 0x00, 0x00, 0x00, 0x00, 0x00, 0x00, 0x7c,
	0x00, 0x00, 0x00, 0x00, 0x00, 0x00, 0x00, 0x80, 0x00, 0x00, 0x00, 0x00,
	0x00, 0x00, 0x00, 0x0f, 0x00, 0x00, 0x00, 0x00, 0x00, 0x00, 0x00, 0x00,
	0x00, 0x00, 0x00, 0x00, 0x00, 0x00, 0x00, 0x00, 0xfc, 0xfc, 0x7c, 0x7c,
	0x7c, 0x7c, 0x7c, 0x7c, 0x7f, 0xff, 0xf8, 0xf8, 0xf8, 0xf8, 0xf8, 0xf8,
	0x00, 0x00, 0x00, 0x01, 0xc1, 0xf1, 0x79, 0x79, 0x00, 0x00, 0x00, 0x00,
	0x07, 0x1f, 0x3c, 0x78, 0x00, 0x00, 0x00, 0x00, 0x9f, 0xdf, 0x3f, 0x1f,
	0x00, 0x00, 0x00, 0x00, 0x1f, 0x7f, 0x7e, 0x7c, 0xfc, 0xfe, 0x3e, 0x3f,
	0xff, 0xfe, 0xfc, 0xf8, 0x3f, 0x3f, 0x38, 0x00, 0x01, 0x1f, 0x7f, 0xff,
	0xfc, 0xfc, 0x00, 0x00, 0xfc, 0xfc, 0xfc, 0xfc, 0x00, 0x00, 0x00, 0x00,
	0x7c, 0xfc, 0xfc, 0x7c, 0x00, 0x00, 0x00, 0x00, 0x7f, 0xff, 0xf8, 0xf8,
	0x7c, 0x7c, 0x7c, 0x7c, 0x7c, 0x7c, 0x7c, 0xfd, 0x80, 0x80, 0x80, 0x80,
	0x80, 0x80, 0x80, 0xff, 0x0f, 0x0f, 0x0f, 0x0f, 0x0f, 0x0f, 0x0f, 0x0f,
	0x00, 0x00, 0x00, 0x00, 0x00, 0x00, 0x00, 0x00, 0x00, 0x00, 0x00, 0x00,
	0x00, 0x00, 0x00, 0x00, 0x7c, 0x7c, 0x7c, 0x7c, 0xfc, 0xfc, 0xfc, 0xfc,
	0xf8, 0xf8, 0xf8, 0xf8, 0xff, 0x7f, 0x3f, 0x0f, 0xfd, 0xfd, 0x7d, 0x7d,
	0x78, 0x78, 0xf0, 0xe0, 0x7f, 0x7f, 0x00, 0x00, 0x78, 0x78, 0x3c, 0x0f,
	0x1f, 0x1f, 0x1f, 0x1f, 0x1f, 0x1f, 0x1f, 0x1f, 0x7c, 0x7c, 0x7c, 0x7c,
	0x7c, 0x7c, 0x7c, 0x7c, 0xc0, 0x00, 0x02, 0x0e, 0xfe, 0xfe, 0xfc, 0xf0,
	0xff, 0xfc, 0xf8, 0xf8, 0xff, 0xff, 0x7f, 0x1f, 0xfd, 0xfd, 0xfd, 0xfd,
	0xfd, 0xfc, 0xfc, 0xfc, 0x7c, 0x7c, 0x7c, 0x7c, 0x7c, 0x7c, 0x7c, 0x7c,
	0xf0, 0xf0, 0xf0, 0xf0, 0xf0, 0xf0, 0xf0, 0xf0, 0xfd, 0x7d, 0x7d, 0x7d,
	0x7d, 0x7d, 0x7d, 0x7d, 0xff, 0x80, 0x80, 0x80, 0x80, 0x80, 0x80, 0x80,
	0x0f, 0x0f, 0x0f, 0x0f, 0x0f, 0x0f, 0x0f, 0x0f, 0x00, 0x00, 0x00, 0x00,
	0x00, 0x00, 0x00, 0x00, 0x00, 0x01, 0x01, 0x04, 0x01, 0x00, 0x00, 0x80,
	0x00, 0x00, 0xa0, 0xe1, 0x00, 0x00, 0xa0, 0xe1, 0x80, 0x01, 0x01, 0x04,
	0x03, 0x00, 0x00, 0x80, 0x00, 0x00, 0xa0, 0xe1, 0x00, 0x00, 0xa0, 0xe1,
	0x08, 0x20, 0x43, 0x55, 0x4c, 0x54, 0x2d, 0x47, 0x42, 0x41, 0x00, 0x00,
	0x00, 0x00, 0xa0, 0xe1, 0x00, 0x40, 0x2d, 0xe9, 0x14, 0x01, 0x9f, 0xe5,
	0x02, 0x14, 0xa0, 0xe3, 0x1c, 0x00, 0x2d, 0xe9, 0x04, 0x20, 0x90, 0xe4,
	0x22, 0x24, 0xa0, 0xe1, 0xab, 0xf7, 0xff, 0xeb, 0x05, 0x04, 0xa0, 0xe3,
	0xbc, 0x1f, 0xdf, 0xe1, 0xb0, 0x10, 0xc0, 0xe1, 0xb8, 0x1f, 0xdf, 0xe1,
	0xb2, 0x10, 0xc0, 0xe1, 0xb6, 0x10, 0xc0, 0xe1, 0xb0, 0x1f, 0xdf, 0xe1,
	0xb4, 0x10, 0xc0, 0xe1, 0xb8, 0x10, 0xc0, 0xe1, 0x01, 0x03, 0xa0, 0xe3,
	0xb4, 0x1e, 0xdf, 0xe1, 0xb0, 0x10, 0xc0, 0xe1, 0x08, 0x10, 0xa0, 0xe3,
	0xb4, 0x10, 0xc0, 0xe1, 0xb8, 0x1d, 0xdf, 0xe1, 0xba, 0x14, 0xc0, 0xe1,
	0x07, 0x10, 0xa0, 0xe3, 0xb8, 0x10, 0xc0, 0xe1, 0xcc, 0x00, 0x9f, 0xe5,
	0xcc, 0x10, 0x9f, 0xe5, 0x08, 0x20, 0xa0, 0xe3, 0x04, 0x30, 0x90, 0xe4,
	0x04, 0x30, 0x81, 0xe4, 0x01, 0x20, 0x52, 0xe2, 0xfb, 0xff, 0xff, 0xca,
	0xb8, 0x10, 0x9f, 0xe5, 0x20, 0x20, 0xa0, 0xe3, 0x04, 0x30, 0x90, 0xe4,
	0x04, 0x30, 0x81, 0xe4, 0x01, 0x20, 0x52, 0xe2, 0xfb, 0xff, 0xff, 0xca,
	0xa4, 0x00, 0x9f, 0xe5, 0xa4, 0x10, 0x9f, 0xe5, 0x08, 0x20, 0xa0, 0xe3,
	0x04, 0x10, 0x80, 0xe4, 0x01, 0x20, 0x52, 0xe2, 0xfc, 0xff, 0xff, 0xca,
	0x00, 0x10, 0xa0, 0xe1, 0x90, 0x00, 0x9f, 0xe5, 0x90, 0x20, 0x9f, 0xe5,
	0x01, 0x30, 0xa0, 0xe3, 0xfc, 0x1f, 0x2d, 0xe9, 0xb0, 0x30, 0xd2, 0xe1,
	0x09, 0xf7, 0xff, 0xeb, 0x01, 0x30, 0x53, 0xe2, 0x7c, 0x20, 0x9f, 0x05,
	0xf9, 0xff, 0xff, 0x0a, 0x78, 0xc0, 0x9f, 0xe5, 0x78, 0xb0, 0x9f, 0xe5,
	0x40, 0xa0, 0xa0, 0xe3, 0x02, 0x40, 0xdb, 0xe4, 0x00, 0x00, 0xa0, 0xe3,
	0x00, 0x30, 0xa0, 0xe3, 0x03, 0x10, 0xdb, 0xe7, 0x81, 0x10, 0x6a, 0xe0,
	0xf1, 0x10, 0x9c, 0xe1, 0x41, 0x04, 0x80, 0xe0, 0xff, 0x10, 0x01, 0xe2,
	0x01, 0x00, 0x80, 0xe0, 0x01, 0x30, 0x83, 0xe2, 0x04, 0x00, 0x53, 0xe1,
	0xf6, 0xff, 0xff, 0xba, 0xa0, 0x00, 0xa0, 0xe1, 0x78, 0x00, 0x60, 0xe2,
	0x0f, 0x00, 0x00, 0xea, 0xa0, 0x11, 0x00, 0x00, 0x23, 0x7c, 0x00, 0x00,
	0xff, 0x7f, 0x00, 0x00, 0x5a, 0x6c, 0x00, 0x00, 0x40, 0x91, 0x00, 0x00,
	0x01, 0x30, 0x00, 0x00, 0x20, 0x24, 0x00, 0x00, 0x20, 0x02, 0x00, 0x05,
	0x80, 0x7f, 0x01, 0x06, 0x00, 0x40, 0x00, 0x06, 0x11, 0x11, 0x11, 0x11,
	0xc0, 0x24, 0x00, 0x00, 0x40, 0x27, 0x00, 0x00, 0x50, 0x27, 0x00, 0x00,
	0x60, 0x23, 0x00, 0x00, 0x60, 0x27, 0x00, 0x00, 0x01, 0x10, 0x5b, 0xe5,
	0x00, 0x30, 0xa0, 0xe3, 0x03, 0x20, 0xdb, 0xe7, 0x3b, 0x00, 0x00, 0xeb,
	0x82, 0x50, 0x6a, 0xe0, 0xf5, 0x50, 0x9c, 0xe1, 0x45, 0x04, 0x80, 0xe0,
	0xff, 0x50, 0x05, 0xe2, 0x05, 0x00, 0x80, 0xe0, 0x01, 0x30, 0x83, 0xe2,
	0x04, 0x00, 0x53, 0xe1, 0xf5, 0xff, 0xff, 0xba, 0x6c, 0x30, 0x9f, 0xe5,
	0x00, 0x40, 0xa0, 0xe3, 0xff, 0x5f, 0xa0, 0xe3, 0x01, 0x69, 0xa0, 0xe3,
	0x01, 0x20, 0xa0, 0xe1, 0x02, 0x00, 0x14, 0xe3, 0x10, 0x20, 0x82, 0x12,
	0xb2, 0x20, 0xc3, 0xe0, 0x04, 0x06, 0x86, 0xe1, 0x01, 0x00, 0x14, 0xe3,
	0x10, 0x00, 0x80, 0x12, 0xb2, 0x00, 0xc3, 0xe0, 0xb0, 0x04, 0xdf, 0xe1,
	0xb4, 0x00, 0xc3, 0xe0, 0x01, 0x40, 0x84, 0xe2, 0x04, 0x00, 0x54, 0xe3,
	0xf2, 0xff, 0xff, 0xba, 0x30, 0x00, 0x9f, 0xe5, 0x01, 0x10, 0xa0, 0xe3,
	0x05, 0x30, 0xa0, 0xe3, 0x10, 0x20, 0xa0, 0xe3, 0xb2, 0x10, 0xc0, 0xe0,
	0x01, 0x10, 0x81, 0xe2, 0x01, 0x20, 0x52, 0xe2, 0xfb, 0xff, 0xff, 0xca,
	0x20, 0x00, 0x80, 0xe2, 0x01, 0x30, 0x53, 0xe2, 0xf7, 0xff, 0xff, 0xca,
	0x02, 0x00, 0x00, 0xea, 0xe0, 0x03, 0x00, 0x07, 0xfc, 0x17, 0x00, 0x00,
	0x8e, 0x03, 0x00, 0x06, 0xf0, 0x80, 0xa0, 0xe3, 0x3c, 0xa0, 0x9f, 0xe5,
	0x01, 0xb0, 0xa0, 0xe3, 0xb2, 0xb0, 0xca, 0xe0, 0x99, 0xf8, 0xff, 0xeb,
	0x01, 0xb0, 0xa0, 0xe3, 0xb0, 0xb0, 0xca, 0xe1, 0x28, 0x30, 0x9f, 0xe5,
	0x04, 0x40, 0xa0, 0xe3, 0xb0, 0x10, 0xd3, 0xe1, 0x04, 0x10, 0x81, 0xe2,
	0xb8, 0x10, 0xc3, 0xe0, 0x01, 0x40, 0x54, 0xe2, 0xfa, 0xff, 0xff, 0xca,
	0x04, 0x80, 0x58, 0xe2, 0xf3, 0xff, 0xff, 0xca, 0x00, 0x40, 0xbd, 0xe8,
	0x1e, 0xff, 0x2f, 0xe1, 0x00, 0x02, 0x00, 0x04, 0xe2, 0x03, 0x00, 0x07,
	0x0f, 0x40, 0x2d, 0xe9, 0x03, 0x00, 0x2d, 0xe9, 0x02, 0x04, 0xa0, 0xe3,
	0x20, 0x20, 0x42, 0xe2, 0x82, 0x03, 0x80, 0xe0, 0x34, 0x10, 0x9f, 0xe5,
	0x83, 0x14, 0x81, 0xe0, 0x30, 0x20, 0x9f, 0xe5, 0x96, 0xf6, 0xff, 0xeb,
	0x03, 0x00, 0xbd, 0xe8, 0x07, 0x24, 0xa0, 0xe3, 0x83, 0x21, 0x82, 0xe0,
	0x02, 0x1b, 0x81, 0xe3, 0xb2, 0x10, 0xc2, 0xe0, 0x02, 0x09, 0x80, 0xe3,
	0xb2, 0x00, 0xc2, 0xe0, 0x03, 0x32, 0xa0, 0xe1, 0xb2, 0x30, 0xc2, 0xe0,
	0x0f, 0x40, 0xbd, 0xe8, 0x1e, 0xff, 0x2f, 0xe1, 0x00, 0x00, 0x01, 0x06,
	0x50, 0x23, 0x00, 0x00, 0x00, 0x00, 0x00, 0x00, 0x00, 0x00, 0x00, 0x00,
	0x00, 0x00, 0x00, 0x00, 0x00, 0x00, 0x00, 0x00, 0x00, 0x00, 0x00, 0x00,
	0x00, 0x00, 0x00, 0x00, 0x00, 0x00, 0x00, 0x00, 0x00, 0x00, 0x00, 0x00,
	0x00, 0x00, 0x00, 0x00, 0x00, 0x00, 0x00, 0x00, 0x00, 0x00, 0x00, 0x00,
	0x00, 0x00, 0x00, 0x00, 0x00, 0x00, 0x00, 0x00, 0x00, 0x00, 0x00, 0x00,
	0x00, 0x00, 0x00, 0x00, 0x00, 0x00, 0x00, 0x00, 0x00, 0x00, 0x00, 0x00,
	0x00, 0x00, 0x00, 0x00, 0x00, 0x00, 0x00, 0x00, 0x00, 0x00, 0x00, 0x00,
	0x00, 0x00, 0x00, 0x00, 0x00, 0x00, 0x00, 0x00, 0x00, 0x00, 0x00, 0x00,
	0x00, 0x00, 0x00, 0x00, 0x00, 0x00, 0x00, 0x00, 0x00, 0x00, 0x00, 0x00,
	0x00, 0x00, 0x00, 0x00, 0x00, 0x00, 0x00, 0x00, 0x00, 0x00, 0x00, 0x00,
	0x00, 0x00, 0x00, 0x00, 0x00, 0x00, 0x00, 0x00, 0x00, 0x00, 0x00, 0x00,
	0x00, 0x00, 0x00, 0x00, 0x00, 0x00, 0x00, 0x00, 0x00, 0x00, 0x00, 0x00,
	0x00, 0x00, 0x00, 0x00, 0x00, 0x00, 0x00, 0x00, 0x00, 0x00, 0x00, 0x00,
	0x00, 0x00, 0x00, 0x00, 0x00, 0x00, 0x00, 0x00, 0x00, 0x00, 0x00, 0x00,
	0x00, 0x00, 0x00, 0x00, 0x00, 0x00, 0x00, 0x00, 0x00, 0x00, 0x00, 0x00,
	0x00, 0x00, 0x00, 0x00, 0x00, 0x00, 0x00, 0x00, 0x00, 0x00, 0x00, 0x00,
	0x00, 0x00, 0x00, 0x00, 0x00, 0x00, 0x00, 0x00, 0x00, 0x00, 0x00, 0x00,
	0x00, 0x00, 0x00, 0x00, 0x00, 0x00, 0x00, 0x00, 0x00, 0x00, 0x00, 0x00,
	0x00, 0x00, 0x00, 0x00, 0x00, 0x00, 0x00, 0x00, 0x00, 0x00, 0x00, 0x00,
	0x00, 0x00, 0x00, 0x00, 0x00, 0x00, 0x00, 0x00, 0x00, 0x00, 0x00, 0x00,
	0x00, 0x00, 0x00, 0x00, 0x00, 0x00, 0x00, 0x00, 0x00, 0x00, 0x00, 0x00,
	0x00, 0x00, 0x00, 0x00, 0x00, 0x00, 0x00, 0x00, 0x00, 0x00, 0x00, 0x00,
	0x00, 0x00, 0x00, 0x00, 0x00, 0x00, 0x00, 0x00, 0x00, 0x00, 0x00, 0x00,
	0x00, 0x00, 0x00, 0x00, 0x00, 0x00, 0x00, 0x00, 0x00, 0x00, 0x00, 0x00,
	0x00, 0x00, 0x00, 0x00, 0x00, 0x00, 0x00, 0x00, 0x00, 0x00, 0x00, 0x00,
	0x00, 0x00, 0x00, 0x00, 0x00, 0x00, 0x00, 0x00, 0x00, 0x00, 0x00, 0x00,
	0x00, 0x00, 0x00, 0x00, 0x00, 0x00, 0x00, 0x00, 0x00, 0x00, 0x00, 0x00,
	0x00, 0x00, 0x00, 0x00, 0x00, 0x00, 0x00, 0x00, 0x00, 0x00, 0x00, 0x00,
	0x00, 0x00, 0x00, 0x00, 0x00, 0x00, 0x00, 0x00, 0x00, 0x00, 0x00, 0x00,
	0x00, 0x00, 0x00, 0x00, 0x00, 0x00, 0x00, 0x00, 0x00, 0x00, 0x00, 0x00,
	0x00, 0x00, 0x00, 0x00, 0x00, 0x00, 0x00, 0x00, 0x00, 0x00, 0x00, 0x00,
	0x00, 0x00, 0x00, 0x00, 0x00, 0x00, 0x00, 0x00, 0x00, 0x00, 0x00, 0x00,
	0x00, 0x00, 0x00, 0x00, 0x00, 0x00, 0x00, 0x00, 0x00, 0x00, 0x00, 0x00,
	0x00, 0x00, 0x00, 0x00, 0x00, 0x00, 0x00, 0x00, 0x00, 0x00, 0x00, 0x00,
	0x00, 0x00, 0x00, 0x00, 0x00, 0x00, 0x00, 0x00, 0x00, 0x00, 0x00, 0x00,
	0x00, 0x00, 0x00, 0x00, 0x00, 0x00, 0x00, 0x00, 0x00, 0x00, 0x00, 0x00,
	0x00, 0x00, 0x00, 0x00, 0x00, 0x00, 0x00, 0x00, 0x00, 0x00, 0x00, 0x00,
	0x00, 0x00, 0x00, 0x00, 0x00, 0x00, 0x00, 0x00, 0x00, 0x00, 0x00, 0x00,
	0x00, 0x00, 0x00, 0x00, 0x00, 0x00, 0x00, 0x00, 0x00, 0x00, 0x00, 0x00,
	0x00, 0x00, 0x00, 0x00, 0x00, 0x00, 0x00, 0x00, 0x00, 0x00, 0x00, 0x00,
	0x00, 0x00, 0x00, 0x00, 0x00, 0x00, 0x00, 0x00, 0x00, 0x00, 0x00, 0x00,
	0x00, 0x00, 0x00, 0x00, 0x00, 0x00, 0x00, 0x00, 0x00, 0x00, 0x00, 0x00,
	0x00, 0x00, 0x00, 0x00, 0x00, 0x00, 0x00, 0x00, 0x00, 0x00, 0x00, 0x00,
	0x00, 0x00, 0x00, 0x00, 0x00, 0x00, 0x00, 0x00, 0x00, 0x00, 0x00, 0x00,
	0x00, 0x00, 0x00, 0x00, 0x00, 0x00, 0x00, 0x00, 0x00, 0x00, 0x00, 0x00,
	0x00, 0x00, 0x00, 0x00, 0x00, 0x00, 0x00, 0x00, 0x00, 0x00, 0x00, 0x00,
	0x00, 0x00, 0x00, 0x00, 0x00, 0x00, 0x00, 0x00, 0x00, 0x00, 0x00, 0x00,
	0x00, 0x00, 0x00, 0x00, 0x00, 0x00, 0x00, 0x00, 0x00, 0x00, 0x00, 0x00,
	0x00, 0x00, 0x00, 0x00, 0x00, 0x00, 0x00, 0x00, 0x00, 0x00, 0x00, 0x00,
	0x00, 0x00, 0x00, 0x00, 0x00, 0x00, 0x00, 0x00, 0x00, 0x00, 0x00, 0x00,
	0x00, 0x00, 0x00, 0x00, 0x00, 0x00, 0x00, 0x00, 0x00, 0x00, 0x00, 0x00,
	0x00, 0x00, 0x00, 0x00, 0x00, 0x00, 0x00, 0x00, 0x00, 0x00, 0x00, 0x00,
	0x00, 0x00, 0x00, 0x00, 0x00, 0x00, 0x00, 0x00, 0x00, 0x00, 0x00, 0x00,
	0x00, 0x00, 0x00, 0x00, 0x00, 0x00, 0x00, 0x00, 0x00, 0x00, 0x00, 0x00,
	0x00, 0x00, 0x00, 0x00, 0x00, 0x00, 0x00, 0x00, 0x00, 0x00, 0x00, 0x00,
	0x00, 0x00, 0x00, 0x00, 0x00, 0x00, 0x00, 0x00, 0x00, 0x00, 0x00, 0x00,
	0x00, 0x00, 0x00, 0x00, 0x00, 0x00, 0x00, 0x00, 0x00, 0x00, 0x00, 0x00,
	0x00, 0x00, 0x00, 0x00, 0x00, 0x00, 0x00, 0x00, 0x00, 0x00, 0x00, 0x00,
	0x00, 0x00, 0x00, 0x00, 0x00, 0x00, 0x00, 0x00, 0x00, 0x00, 0x00, 0x00,
	0x00, 0x00, 0x00, 0x00, 0x00, 0x00, 0x00, 0x00, 0x00, 0x00, 0x00, 0x00,
	0x00, 0x00, 0x00, 0x00, 0x00, 0x00, 0x00, 0x00, 0x00, 0x00, 0x00, 0x00,
	0x00, 0x00, 0x00, 0x00, 0x00, 0x00, 0x00, 0x00, 0x00, 0x00, 0x00, 0x00,
	0x00, 0x00, 0x00, 0x00, 0x00, 0x00, 0x00, 0x00, 0x00, 0x00, 0x00, 0x00,
	0x00, 0x00, 0x00, 0x00, 0x00, 0x00, 0x00, 0x00, 0x00, 0x00, 0x00, 0x00,
	0x00, 0x00, 0x00, 0x00, 0x00, 0x00, 0x00, 0x00, 0x00, 0x00, 0x00, 0x00,
	0x00, 0x00, 0x00, 0x00, 0x00, 0x00, 0x00, 0x00, 0x00, 0x00, 0x00, 0x00,
	0x00, 0x00, 0x00, 0x00, 0x00, 0x00, 0x00, 0x00, 0x00, 0x00, 0x00, 0x00,
	0x00, 0x00, 0x00, 0x00, 0x00, 0x00, 0x00, 0x00, 0x00, 0x00, 0x00, 0x00,
	0x00, 0x00, 0x00, 0x00, 0x00, 0x00, 0x00, 0x00, 0x00, 0x00, 0x00, 0x00,
	0x00, 0x00, 0x00, 0x00, 0x00, 0x00, 0x00, 0x00, 0x00, 0x00, 0x00, 0x00,
	0x00, 0x00, 0x00, 0x00, 0x00, 0x00, 0x00, 0x00, 0x00, 0x00, 0x00, 0x00,
	0x00, 0x00, 0x00, 0x00, 0x00, 0x00, 0x00, 0x00, 0x00, 0x00, 0x00, 0x00,
	0x00, 0x00, 0x00, 0x00, 0x00, 0x00, 0x00, 0x00, 0x00, 0x00, 0x00, 0x00,
	0x00, 0x00, 0x00, 0x00, 0x00, 0x00, 0x00, 0x00, 0x00, 0x00, 0x00, 0x00,
	0x00, 0x00, 0x00, 0x00, 0x00, 0x00, 0x00, 0x00, 0x00, 0x00, 0x00, 0x00,
	0x00, 0x00, 0x00, 0x00, 0x00, 0x00, 0x00, 0x00, 0x00, 0x00, 0x00, 0x00,
	0x00, 0x00, 0x00, 0x00, 0x00, 0x00, 0x00, 0x00, 0x00, 0x00, 0x00, 0x00,
	0x00, 0x00, 0x00, 0x00, 0x00, 0x00, 0x00, 0x00, 0x00, 0x00, 0x00, 0x00,
	0x00, 0x00, 0x00, 0x00, 0x00, 0x00, 0x00, 0x00, 0x00, 0x00, 0x00, 0x00,
	0x00, 0x00, 0x00, 0x00, 0x00, 0x00, 0x00, 0x00, 0x00, 0x00, 0x00, 0x00,
	0x00, 0x00, 0x00, 0x00, 0x00, 0x00, 0x00, 0x00, 0x00, 0x00, 0x00, 0x00,
	0x00, 0x00, 0x00, 0x00, 0x00, 0x00, 0x00, 0x00, 0x00, 0x00, 0x00, 0x00,
	0x00, 0x00, 0x00, 0x00, 0x00, 0x00, 0x00, 0x00, 0x00, 0x00, 0x00, 0x00,
	0x00, 0x00, 0x00, 0x00, 0x00, 0x00, 0x00, 0x00, 0x00, 0x00, 0x00, 0x00,
	0x00, 0x00, 0x00, 0x00, 0x00, 0x00, 0x00, 0x00, 0x00, 0x00, 0x00, 0x00,
	0x00, 0x00, 0x00, 0x00, 0x00, 0x00, 0x00, 0x00, 0x00, 0x00, 0x00, 0x00,
	0x00, 0x00, 0x00, 0x00, 0x00, 0x00, 0x00, 0x00, 0x00, 0x00, 0x00, 0x00,
	0x00, 0x00, 0x00, 0x00, 0x00, 0x00, 0x00, 0x00, 0x00, 0x00, 0x00, 0x00,
	0x00, 0x00, 0x00, 0x00, 0x00, 0x00, 0x00, 0x00, 0x00, 0x00, 0x00, 0x00,
	0x00, 0x00, 0x00, 0x00, 0x00, 0x00, 0x00, 0x00, 0x00, 0x00, 0x00, 0x00,
	0x00, 0x00, 0x00, 0x00, 0x00, 0x00, 0x00, 0x00, 0x00, 0x00, 0x00, 0x00,
	0x00, 0x00, 0x00, 0x00, 0x00, 0x00, 0x00, 0x00, 0x00, 0x00, 0x00, 0x00,
	0x00, 0x00, 0x00, 0x00, 0x00, 0x00, 0x00, 0x00, 0x00, 0x00, 0x00, 0x00,
	0x00, 0x00, 0x00, 0x00, 0x00, 0x00, 0x00, 0x00, 0x00, 0x00, 0x00, 0x00,
	0x00, 0x00, 0x00, 0x00, 0x00, 0x00, 0x00, 0x00, 0x00, 0x00, 0x00, 0x00,
	0x00, 0x00, 0x00, 0x00, 0x00, 0x00, 0x00, 0x00, 0x00, 0x00, 0x00, 0x00,
	0x00, 0x00, 0x00, 0x00, 0x00, 0x00, 0x00, 0x00, 0x00, 0x00, 0x00, 0x00,
	0x00, 0x00, 0x00, 0x00, 0x00, 0x00, 0x00, 0x00, 0x00, 0x00, 0x00, 0x00,
	0x00, 0x00, 0x00, 0x00, 0x00, 0x00, 0x00, 0x00, 0x00, 0x00, 0x00, 0x00,
	0x00, 0x00, 0x00, 0x00, 0x00, 0x00, 0x00, 0x00, 0x00, 0x00, 0x00, 0x00,
	0x00, 0x00, 0x00, 0x00, 0x00, 0x00, 0x00, 0x00, 0x00, 0x00, 0x00, 0x00,
	0x00, 0x00, 0x00, 0x00, 0x00, 0x00, 0x00, 0x00, 0x00, 0x00, 0x00, 0x00,
	0x00, 0x00, 0x00, 0x00, 0x00, 0x00, 0x00, 0x00, 0x00, 0x00, 0x00, 0x00,
	0x00, 0x00, 0x00, 0x00, 0x00, 0x00, 0x00, 0x00, 0x00, 0x00, 0x00, 0x00,
	0x00, 0x00, 0x00, 0x00, 0x00, 0x00, 0x00, 0x00, 0x00, 0x00, 0x00, 0x00,
	0x00, 0x00, 0x00, 0x00, 0x00, 0x00, 0x00, 0x00, 0x00, 0x00, 0x00, 0x00,
	0x00, 0x00, 0x00, 0x00, 0x00, 0x00, 0x00, 0x00, 0x00, 0x00, 0x00, 0x00,
	0x00, 0x00, 0x00, 0x00, 0x00, 0x00, 0x00, 0x00, 0x00, 0x00, 0x00, 0x00,
	0x00, 0x00, 0x00, 0x00, 0x00, 0x00, 0x00, 0x00, 0x00, 0x00, 0x00, 0x00,
	0x00, 0x00, 0x00, 0x00, 0x00, 0x00, 0x00, 0x00, 0x00, 0x00, 0x00, 0x00,
	0x00, 0x00, 0x00, 0x00, 0x00, 0x00, 0x00, 0x00, 0x00, 0x00, 0x00, 0x00,
	0x00, 0x00, 0x00, 0x00, 0x00, 0x00, 0x00, 0x00, 0x00, 0x00, 0x00, 0x00,
	0x00, 0x00, 0x00, 0x00, 0x00, 0x00, 0x00, 0x00, 0x00, 0x00, 0x00, 0x00,
	0x00, 0x00, 0x00, 0x00, 0x00, 0x00, 0x00, 0x00, 0x00, 0x00, 0x00, 0x00,
	0x00, 0x00, 0x00, 0x00, 0x00, 0x00, 0x00, 0x00, 0x00, 0x00, 0x00, 0x00,
	0x00, 0x00, 0x00, 0x00, 0x00, 0x00, 0x00, 0x00, 0x00, 0x00, 0x00, 0x00,
	0x00, 0x00, 0x00, 0x00, 0x00, 0x00, 0x00, 0x00, 0x00, 0x00, 0x00, 0x00,
	0x00, 0x00, 0x00, 0x00, 0x00, 0x00, 0x00, 0x00, 0x00, 0x00, 0x00, 0x00,
	0x00, 0x00, 0x00, 0x00, 0x00, 0x00, 0x00, 0x00, 0x00, 0x00, 0x00, 0x00,
	0x00, 0x00, 0x00, 0x00, 0x00, 0x00, 0x00, 0x00, 0x00, 0x00, 0x00, 0x00,
	0x00, 0x00, 0x00, 0x00, 0x00, 0x00, 0x00, 0x00, 0x00, 0x00, 0x00, 0x00,
	0x00, 0x00, 0x00, 0x00, 0x00, 0x00, 0x00, 0x00, 0x00, 0x00, 0x00, 0x00,
	0x00, 0x00, 0x00, 0x00, 0x00, 0x00, 0x00, 0x00, 0x00, 0x00, 0x00, 0x00,
	0x00, 0x00, 0x00, 0x00, 0x00, 0x00, 0x00, 0x00, 0x00, 0x00, 0x00, 0x00,
	0x00, 0x00, 0x00, 0x00, 0x00, 0x00, 0x00, 0x00, 0x00, 0x00, 0x00, 0x00,
	0x00, 0x00, 0x00, 0x00, 0x00, 0x00, 0x00, 0x00, 0x00, 0x00, 0x00, 0x00,
	0x00, 0x00, 0x00, 0x00, 0x00, 0x00, 0x00, 0x00, 0x00, 0x00, 0x00, 0x00,
	0x00, 0x00, 0x00, 0x00, 0x00, 0x00, 0x00, 0x00, 0x00, 0x00, 0x00, 0x00,
	0x00, 0x00, 0x00, 0x00, 0x00, 0x00, 0x00, 0x00, 0x00, 0x00, 0x00, 0x00,
	0x00, 0x00, 0x00, 0x00, 0x00, 0x00, 0x00, 0x00, 0x00, 0x00, 0x00, 0x00,
	0x00, 0x00, 0x00, 0x00, 0x00, 0x00, 0x00, 0x00, 0x00, 0x00, 0x00, 0x00,
	0x00, 0x00, 0x00, 0x00, 0x00, 0x00, 0x00, 0x00, 0x00, 0x00, 0x00, 0x00,
	0x00, 0x00, 0x00, 0x00, 0x00, 0x00, 0x00, 0x00, 0x00, 0x00, 0x00, 0x00,
	0x00, 0x00, 0x00, 0x00, 0x00, 0x00, 0x00, 0x00, 0x00, 0x00, 0x00, 0x00,
	0x00, 0x00, 0x00, 0x00, 0x00, 0x00, 0x00, 0x00, 0x00, 0x00, 0x00, 0x00,
	0x00, 0x00, 0x00, 0x00, 0x00, 0x00, 0x00, 0x00, 0x00, 0x00, 0x00, 0x00,
	0x00, 0x00, 0x00, 0x00, 0x00, 0x00, 0x00, 0x00, 0x00, 0x00, 0x00, 0x00,
	0x00, 0x00, 0x00, 0x00, 0x00, 0x00, 0x00, 0x00, 0x00, 0x00, 0x00, 0x00,
	0x00, 0x00, 0x00, 0x00, 0x00, 0x00, 0x00, 0x00, 0x00, 0x00, 0x00, 0x00,
	0x00, 0x00, 0x00, 0x00, 0x00, 0x00, 0x00, 0x00, 0x00, 0x00, 0x00, 0x00,
	0x00, 0x00, 0x00, 0x00, 0x00, 0x00, 0x00, 0x00, 0x00, 0x00, 0x00, 0x00,
	0x00, 0x00, 0x00, 0x00, 0x00, 0x00, 0x00, 0x00, 0x00, 0x00, 0x00, 0x00,
	0x00, 0x00, 0x00, 0x00, 0x00, 0x00, 0x00, 0x00, 0x00, 0x00, 0x00, 0x00,
	0x00, 0x00, 0x00, 0x00, 0x00, 0x00, 0x00, 0x00, 0x00, 0x00, 0x00, 0x00,
	0x00, 0x00, 0x00, 0x00, 0x00, 0x00, 0x00, 0x00, 0x00, 0x00, 0x00, 0x00,
	0x00, 0x00, 0x00, 0x00, 0x00, 0x00, 0x00, 0x00, 0x00, 0x00, 0x00, 0x00,
	0x00, 0x00, 0x00, 0x00, 0x00, 0x00, 0x00, 0x00, 0x00, 0x00, 0x00, 0x00,
	0x00, 0x00, 0x00, 0x00, 0x00, 0x00, 0x00, 0x00, 0x00, 0x00, 0x00, 0x00,
	0x00, 0x00, 0x00, 0x00, 0x00, 0x00, 0x00, 0x00, 0x00, 0x00, 0x00, 0x00,
	0x00, 0x00, 0x00, 0x00, 0x00, 0x00, 0x00, 0x00, 0x00, 0x00, 0x00, 0x00,
	0x00, 0x00, 0x00, 0x00, 0x00, 0x00, 0x00, 0x00, 0x00, 0x00, 0x00, 0x00,
	0x00, 0x00, 0x00, 0x00, 0x00, 0x00, 0x00, 0x00, 0x00, 0x00, 0x00, 0x00,
	0x00, 0x00, 0x00, 0x00, 0x00, 0x00, 0x00, 0x00, 0x00, 0x00, 0x00, 0x00,
	0x00, 0x00, 0x00, 0x00, 0x00, 0x00, 0x00, 0x00, 0x00, 0x00, 0x00, 0x00,
	0x00, 0x00, 0x00, 0x00, 0x00, 0x00, 0x00, 0x00, 0x00, 0x00, 0x00, 0x00,
	0x00, 0x00, 0x00, 0x00, 0x00, 0x00, 0x00, 0x00, 0x00, 0x00, 0x00, 0x00,
	0x00, 0x00, 0x00, 0x00, 0x00, 0x00, 0x00, 0x00, 0x00, 0x00, 0x00, 0x00,
	0x00, 0x00, 0x00, 0x00, 0x00, 0x00, 0x00, 0x00, 0x00, 0x00, 0x00, 0x00,
	0x00, 0x00, 0x00, 0x00, 0x00, 0x00, 0x00, 0x00, 0x00, 0x00, 0x00, 0x00,
	0x00, 0x00, 0x00, 0x00, 0x00, 0x00, 0x00, 0x00, 0x00, 0x00, 0x00, 0x00,
	0x00, 0x00, 0x00, 0x00, 0x00, 0x00, 0x00, 0x00, 0x00, 0x00, 0x00, 0x00,
	0x00, 0x00, 0x00, 0x00, 0x00, 0x00, 0x00, 0x00, 0x00, 0x00, 0x00, 0x00,
	0x00, 0x00, 0x00, 0x00, 0x00, 0x00, 0x00, 0x00, 0x00, 0x00, 0x00, 0x00,
	0x00, 0x00, 0x00, 0x00, 0x00, 0x00, 0x00, 0x00, 0x00, 0x00, 0x00, 0x00,
	0x00, 0x00, 0x00, 0x00, 0x00, 0x00, 0x00, 0x00, 0x00, 0x00, 0x00, 0x00,
	0x00, 0x00, 0x00, 0x00, 0x00, 0x00, 0x00, 0x00, 0x00, 0x00, 0x00, 0x00,
	0x00, 0x00, 0x00, 0x00, 0x00, 0x00, 0x00, 0x00, 0x00, 0x00, 0x00, 0x00,
	0x00, 0x00, 0x00, 0x00, 0x00, 0x00, 0x00, 0x00, 0x00, 0x00, 0x00, 0x00,
	0x00, 0x00, 0x00, 0x00, 0x00, 0x00, 0x00, 0x00, 0x00, 0x00, 0x00, 0x00,
	0x00, 0x00, 0x00, 0x00, 0x00, 0x00, 0x00, 0x00, 0x00, 0x00, 0x00, 0x00,
	0x00, 0x00, 0x00, 0x00, 0x00, 0x00, 0x00, 0x00, 0x00, 0x00, 0x00, 0x00,
	0x00, 0x00, 0x00, 0x00, 0x00, 0x00, 0x00, 0x00, 0x00, 0x00, 0x00, 0x00,
	0x00, 0x00, 0x00, 0x00, 0x00, 0x00, 0x00, 0x00, 0x00, 0x00, 0x00, 0x00,
	0x00, 0x00, 0x00, 0x00, 0x00, 0x00, 0x00, 0x00, 0x00, 0x00, 0x00, 0x00,
	0x00, 0x00, 0x00, 0x00, 0x00, 0x00, 0x00, 0x00, 0x00, 0x00, 0x00, 0x00,
	0x00, 0x00, 0x00, 0x00, 0x00, 0x00, 0x00, 0x00, 0x00, 0x00, 0x00, 0x00,
	0x00, 0x00, 0x00, 0x00, 0x00, 0x00, 0x00, 0x00, 0x00, 0x00, 0x00, 0x00,
	0x00, 0x00, 0x00, 0x00, 0x00, 0x00, 0x00, 0x00, 0x00, 0x00, 0x00, 0x00,
	0x00, 0x00, 0x00, 0x00, 0x00, 0x00, 0x00, 0x00, 0x00, 0x00, 0x00, 0x00,
	0x00, 0x00, 0x00, 0x00, 0x00, 0x00, 0x00, 0x00, 0x00, 0x00, 0x00, 0x00,
	0x00, 0x00, 0x00, 0x00, 0x00, 0x00, 0x00, 0x00, 0x00, 0x00, 0x00, 0x00,
	0x00, 0x00, 0x00, 0x00, 0x00, 0x00, 0x00, 0x00, 0x00, 0x00, 0x00, 0x00,
	0x00, 0x00, 0x00, 0x00, 0x00, 0x00, 0x00, 0x00, 0x00, 0x00, 0x00, 0x00,
	0x00, 0x00, 0x00, 0x00, 0x00, 0x00, 0x00, 0x00, 0x00, 0x00, 0x00, 0x00,
	0x00, 0x00, 0x00, 0x00, 0x00, 0x00, 0x00, 0x00, 0x00, 0x00, 0x00, 0x00,
	0x00, 0x00, 0x00, 0x00, 0x00, 0x00, 0x00, 0x00, 0x00, 0x00, 0x00, 0x00,
	0x00, 0x00, 0x00, 0x00, 0x00, 0x00, 0x00, 0x00, 0x00, 0x00, 0x00, 0x00,
	0x00, 0x00, 0x00, 0x00, 0x00, 0x00, 0x00, 0x00, 0x00, 0x00, 0x00, 0x00,
	0x00, 0x00, 0x00, 0x00, 0x00, 0x00, 0x00, 0x00, 0x00, 0x00, 0x00, 0x00,
	0x00, 0x00, 0x00, 0x00, 0x00, 0x00, 0x00, 0x00, 0x00, 0x00, 0x00, 0x00,
	0x00, 0x00, 0x00, 0x00, 0x00, 0x00, 0x00, 0x00, 0x00, 0x00, 0x00, 0x00,
	0x00, 0x00, 0x00, 0x00, 0x00, 0x00, 0x00, 0x00, 0x00, 0x00, 0x00, 0x00,
	0x00, 0x00, 0x00, 0x00, 0x00, 0x00, 0x00, 0x00, 0x00, 0x00, 0x00, 0x00,
	0x00, 0x00, 0x00, 0x00, 0x00, 0x00, 0x00, 0x00, 0x00, 0x00, 0x00, 0x00,
	0x00, 0x00, 0x00, 0x00, 0x00, 0x00, 0x00, 0x00, 0x00, 0x00, 0x00, 0x00,
	0x00, 0x00, 0x00, 0x00, 0x00, 0x00, 0x00, 0x00, 0x00, 0x00, 0x00, 0x00,
	0x00, 0x00, 0x00, 0x00, 0x00, 0x00, 0x00, 0x00, 0x00, 0x00, 0x00, 0x00,
	0x00, 0x00, 0x00, 0x00, 0x00, 0x00, 0x00, 0x00, 0x00, 0x00, 0x00, 0x00,
	0x00, 0x00, 0x00, 0x00, 0x00, 0x00, 0x00, 0x00, 0x00, 0x00, 0x00, 0x00,
	0x00, 0x00, 0x00, 0x00, 0x00, 0x00, 0x00, 0x00, 0x00, 0x00, 0x00, 0x00,
	0x00, 0x00, 0x00, 0x00, 0x00, 0x00, 0x00, 0x00, 0x00, 0x00, 0x00, 0x00,
	0x00, 0x00, 0x00, 0x00, 0x00, 0x00, 0x00, 0x00, 0x00, 0x00, 0x00, 0x00,
	0x00, 0x00, 0x00, 0x00, 0x00, 0x00, 0x00, 0x00, 0x00, 0x00, 0x00, 0x00,
	0x00, 0x00, 0x00, 0x00, 0x00, 0x00, 0x00, 0x00, 0x00, 0x00, 0x00, 0x00,
	0x00, 0x00, 0x00, 0x00, 0x00, 0x00, 0x00, 0x00, 0x00, 0x00, 0x00, 0x00,
	0x00, 0x00, 0x00, 0x00, 0x00, 0x00, 0x00, 0x00, 0x00, 0x00, 0x00, 0x00,
	0x00, 0x00, 0x00, 0x00, 0x00, 0x00, 0x00, 0x00, 0x00, 0x00, 0x00, 0x00,
	0x00, 0x00, 0x00, 0x00, 0x00, 0x00, 0x00, 0x00, 0x00, 0x00, 0x00, 0x00,
	0x00, 0x00, 0x00, 0x00, 0x00, 0x00, 0x00, 0x00, 0x00, 0x00, 0x00, 0x00,
	0x00, 0x00, 0x00, 0x00, 0x00, 0x00, 0x00, 0x00, 0x00, 0x00, 0x00, 0x00,
	0x00, 0x00, 0x00, 0x00, 0x00, 0x00, 0x00, 0x00, 0x00, 0x00, 0x00, 0x00,
	0x00, 0x00, 0x00, 0x00, 0x00, 0x00, 0x00, 0x00, 0x00, 0x00, 0x00, 0x00,
	0x00, 0x00, 0x00, 0x00, 0x00, 0x00, 0x00, 0x00, 0x00, 0x00, 0x00, 0x00,
	0x00, 0x00, 0x00, 0x00, 0x00, 0x00, 0x00, 0x00, 0x00, 0x00, 0x00, 0x00,
	0x00, 0x00, 0x00, 0x00, 0x00, 0x00, 0x00, 0x00, 0x00, 0x00, 0x00, 0x00,
	0x00, 0x00, 0x00, 0x00, 0x00, 0x00, 0x00, 0x00, 0x00, 0x00, 0x00, 0x00,
	0x00, 0x00, 0x00, 0x00, 0x00, 0x00, 0x00, 0x00, 0x00, 0x00, 0x00, 0x00,
	0x00, 0x00, 0x00, 0x00, 0x00, 0x00, 0x00, 0x00, 0x00, 0x00, 0x00, 0x00,
	0x00, 0x00, 0x00, 0x00, 0x00, 0x00, 0x00, 0x00, 0x00, 0x00, 0x00, 0x00,
	0x00, 0x00, 0x00, 0x00, 0x00, 0x00, 0x00, 0x00, 0x00, 0x00, 0x00, 0x00,
	0x00, 0x00, 0x00, 0x00, 0x00, 0x00, 0x00, 0x00, 0x00, 0x00, 0x00, 0x00,
	0x00, 0x00, 0x00, 0x00, 0x00, 0x00, 0x00, 0x00, 0x00, 0x00, 0x00, 0x00,
	0x00, 0x00, 0x00, 0x00, 0x00, 0x00, 0x00, 0x00, 0x00, 0x00, 0x00, 0x00,
	0x00, 0x00, 0x00, 0x00, 0x00, 0x00, 0x00, 0x00, 0x00, 0x00, 0x00, 0x00,
	0x00, 0x00, 0x00, 0x00, 0x00, 0x00, 0x00, 0x00, 0x00, 0x00, 0x00, 0x00,
	0x00, 0x00, 0x00, 0x00, 0x00, 0x00, 0x00, 0x00, 0x00, 0x00, 0x00, 0x00,
	0x00, 0x00, 0x00, 0x00, 0x00, 0x00, 0x00, 0x00, 0x00, 0x00, 0x00, 0x00,
	0x00, 0x00, 0x00, 0x00, 0x00, 0x00, 0x00, 0x00, 0x00, 0x00, 0x00, 0x00,
	0x00, 0x00, 0x00, 0x00, 0x00, 0x00, 0x00, 0x00, 0x00, 0x00, 0x00, 0x00,
	0x00, 0x00, 0x00, 0x00, 0x00, 0x00, 0x00, 0x00, 0x00, 0x00, 0x00, 0x00,
	0x00, 0x00, 0x00, 0x00, 0x00, 0x00, 0x00, 0x00, 0x00, 0x00, 0x00, 0x00,
	0x00, 0x00, 0x00, 0x00, 0x00, 0x00, 0x00, 0x00, 0x00, 0x00, 0x00, 0x00,
	0x00, 0x00, 0x00, 0x00, 0x00, 0x00, 0x00, 0x00, 0x00, 0x00, 0x00, 0x00,
	0x00, 0x00, 0x00, 0x00, 0x00, 0x00, 0x00, 0x00, 0x00, 0x00, 0x00, 0x00,
	0x00, 0x00, 0x00, 0x00, 0x00, 0x00, 0x00, 0x00, 0x00, 0x00, 0x00, 0x00,
	0x00, 0x00, 0x00, 0x00, 0x00, 0x00, 0x00, 0x00, 0x00, 0x00, 0x00, 0x00,
	0x00, 0x00, 0x00, 0x00, 0x00, 0x00, 0x00, 0x00, 0x00, 0x00, 0x00, 0x00,
	0x00, 0x00, 0x00, 0x00, 0x00, 0x00, 0x00, 0x00, 0x00, 0x00, 0x00, 0x00,
	0x00, 0x00, 0x00, 0x00, 0x00, 0x00, 0x00, 0x00, 0x00, 0x00, 0x00, 0x00,
	0x00, 0x00, 0x00, 0x00, 0x00, 0x00, 0x00, 0x00, 0x00, 0x00, 0x00, 0x00,
	0x00, 0x00, 0x00, 0x00, 0x00, 0x00, 0x00, 0x00, 0x00, 0x00, 0x00, 0x00,
	0x00, 0x00, 0x00, 0x00, 0x00, 0x00, 0x00, 0x00, 0x00, 0x00, 0x00, 0x00,
	0x00, 0x00, 0x00, 0x00, 0x00, 0x00, 0x00, 0x00, 0x00, 0x00, 0x00, 0x00,
	0x00, 0x00, 0x00, 0x00, 0x00, 0x00, 0x00, 0x00, 0x00, 0x00, 0x00, 0x00,
	0x00, 0x00, 0x00, 0x00, 0x00, 0x00, 0x00, 0x00, 0x00, 0x00, 0x00, 0x00,
	0x00, 0x00, 0x00, 0x00, 0x00, 0x00, 0x00, 0x00, 0x00, 0x00, 0x00, 0x00,
	0x00, 0x00, 0x00, 0x00, 0x00, 0x00, 0x00, 0x00, 0x00, 0x00, 0x00, 0x00,
	0x00, 0x00, 0x00, 0x00, 0x00, 0x00, 0x00, 0x00, 0x00, 0x00, 0x00, 0x00,
	0x00, 0x00, 0x00, 0x00, 0x00, 0x00, 0x00, 0x00, 0x00, 0x00, 0x00, 0x00,
	0x00, 0x00, 0x00, 0x00, 0x00, 0x00, 0x00, 0x00, 0x00, 0x00, 0x00, 0x00,
	0x00, 0x00, 0x00, 0x00, 0x00, 0x00, 0x00, 0x00, 0x00, 0x00, 0x00, 0x00,
	0x00, 0x00, 0x00, 0x00, 0x00, 0x00, 0x00, 0x00, 0x00, 0x00, 0x00, 0x00,
	0x00, 0x00, 0x00, 0x00, 0x00, 0x00, 0x00, 0x00, 0x00, 0x00, 0x00, 0x00,
	0x00, 0x00, 0x00, 0x00, 0x00, 0x00, 0x00, 0x00, 0x00, 0x00, 0x00, 0x00,
	0x00, 0x00, 0x00, 0x00, 0x00, 0x00, 0x00, 0x00, 0x00, 0x00, 0x00, 0x00,
	0x00, 0x00, 0x00, 0x00, 0x00, 0x00, 0x00, 0x00, 0x00, 0x00, 0x00, 0x00,
	0x00, 0x00, 0x00, 0x00, 0x00, 0x00, 0x00, 0x00, 0x00, 0x00, 0x00, 0x00,
	0x00, 0x00, 0x00, 0x00, 0x00, 0x00, 0x00, 0x00, 0x00, 0x00, 0x00, 0x00,
	0x00, 0x00, 0x00, 0x00, 0x00, 0x00, 0x00, 0x00, 0x00, 0x00, 0x00, 0x00,
	0x00, 0x00, 0x00, 0x00, 0x00, 0x00, 0x00, 0x00, 0x00, 0x00, 0x00, 0x00,
	0x00, 0x00, 0x00, 0x00, 0x00, 0x00, 0x00, 0x00, 0x00, 0x00, 0x00, 0x00,
	0x00, 0x00, 0x00, 0x00, 0x00, 0x00, 0x00, 0x00, 0x00, 0x00, 0x00, 0x00,
	0x00, 0x00, 0x00, 0x00, 0x00, 0x00, 0x00, 0x00, 0x00, 0x00, 0x00, 0x00,
	0x00, 0x00, 0x00, 0x00, 0x00, 0x00, 0x00, 0x00, 0x00, 0x00, 0x00, 0x00,
	0x00, 0x00, 0x00, 0x00, 0x00, 0x00, 0x00, 0x00, 0x00, 0x00, 0x00, 0x00,
	0x00, 0x00, 0x00, 0x00, 0x00, 0x00, 0x00, 0x00, 0x00, 0x00, 0x00, 0x00,
	0x00, 0x00, 0x00, 0x00, 0x00, 0x00, 0x00, 0x00, 0x00, 0x00, 0x00, 0x00,
	0x00, 0x00, 0x00, 0x00, 0x00, 0x00, 0x00, 0x00, 0x00, 0x00, 0x00, 0x00,
	0x00, 0x00, 0x00, 0x00, 0x00, 0x00, 0x00, 0x00, 0x00, 0x00, 0x00, 0x00,
	0x00, 0x00, 0x00, 0x00, 0x00, 0x00, 0x00, 0x00, 0x00, 0x00, 0x00, 0x00,
	0x00, 0x00, 0x00, 0x00, 0x00, 0x00, 0x00, 0x00, 0x00, 0x00, 0x00, 0x00,
	0x00, 0x00, 0x00, 0x00, 0x00, 0x00, 0x00, 0x00, 0x00, 0x00, 0x00, 0x00,
	0x00, 0x00, 0x00, 0x00, 0x00, 0x00, 0x00, 0x00, 0x00, 0x00, 0x00, 0x00,
	0x00, 0x00, 0x00, 0x00, 0x00, 0x00, 0x00, 0x00, 0x00, 0x00, 0x00, 0x00,
	0x00, 0x00, 0x00, 0x00, 0x00, 0x00, 0x00, 0x00, 0x00, 0x00, 0x00, 0x00,
	0x00, 0x00, 0x00, 0x00, 0x00, 0x00, 0x00, 0x00, 0x00, 0x00, 0x00, 0x00,
	0x00, 0x00, 0x00, 0x00, 0x00, 0x00, 0x00, 0x00, 0x00, 0x00, 0x00, 0x00,
	0x00, 0x00, 0x00, 0x00, 0x00, 0x00, 0x00, 0x00, 0x00, 0x00, 0x00, 0x00,
	0x00, 0x00, 0x00, 0x00, 0x00, 0x00, 0x00, 0x00, 0x00, 0x00, 0x00, 0x00,
	0x00, 0x00, 0x00, 0x00, 0x00, 0x00, 0x00, 0x00, 0x00, 0x00, 0x00, 0x00,
	0x00, 0x00, 0x00, 0x00, 0x00, 0x00, 0x00, 0x00, 0x00, 0x00, 0x00, 0x00,
	0x00, 0x00, 0x00, 0x00, 0x00, 0x00, 0x00, 0x00, 0x00, 0x00, 0x00, 0x00,
	0x00, 0x00, 0x00, 0x00, 0x00, 0x00, 0x00, 0x00, 0x00, 0x00, 0x00, 0x00,
	0x00, 0x00, 0x00, 0x00, 0x00, 0x00, 0x00, 0x00, 0x00, 0x00, 0x00, 0x00,
	0x00, 0x00, 0x00, 0x00, 0x00, 0x00, 0x00, 0x00, 0x00, 0x00, 0x00, 0x00,
	0x00, 0x00, 0x00, 0x00, 0x00, 0x00, 0x00, 0x00, 0x00, 0x00, 0x00, 0x00,
	0x00, 0x00, 0x00, 0x00, 0x00, 0x00, 0x00, 0x00, 0x00, 0x00, 0x00, 0x00,
	0x00, 0x00, 0x00, 0x00, 0x00, 0x00, 0x00, 0x00, 0x00, 0x00, 0x00, 0x00,
	0x00, 0x00, 0x00, 0x00, 0x00, 0x00, 0x00, 0x00, 0x00, 0x00, 0x00, 0x00,
	0x00, 0x00, 0x00, 0x00, 0x00, 0x00, 0x00, 0x00, 0x00, 0x00, 0x00, 0x00,
	0x00, 0x00, 0x00, 0x00, 0x00, 0x00, 0x00, 0x00, 0x00, 0x00, 0x00, 0x00,
	0x00, 0x00, 0x00, 0x00, 0x00, 0x00, 0x00, 0x00, 0x00, 0x00, 0x00, 0x00,
	0x00, 0x00, 0x00, 0x00, 0x00, 0x00, 0x00, 0x00, 0x00, 0x00, 0x00, 0x00,
	0x00, 0x00, 0x00, 0x00, 0x00, 0x00, 0x00, 0x00, 0x00, 0x00, 0x00, 0x00,
	0x00, 0x00, 0x00, 0x00, 0x00, 0x00, 0x00, 0x00, 0x00, 0x00, 0x00, 0x00,
	0x00, 0x00, 0x00, 0x00, 0x00, 0x00, 0x00, 0x00, 0x00, 0x00, 0x00, 0x00,
	0x00, 0x00, 0x00, 0x00, 0x00, 0x00, 0x00, 0x00, 0x00, 0x00, 0x00, 0x00,
	0x00, 0x00, 0x00, 0x00, 0x00, 0x00, 0x00, 0x00, 0x00, 0x00, 0x00, 0x00,
	0x00, 0x00, 0x00, 0x00, 0x00, 0x00, 0x00, 0x00, 0x00, 0x00, 0x00, 0x00,
	0x00, 0x00, 0x00, 0x00, 0x00, 0x00, 0x00, 0x00, 0x00, 0x00, 0x00, 0x00,
	0x00, 0x00, 0x00, 0x00, 0x00, 0x00, 0x00, 0x00, 0x00, 0x00, 0x00, 0x00,
	0x00, 0x00, 0x00, 0x00, 0x00, 0x00, 0x00, 0x00, 0x00, 0x00, 0x00, 0x00,
	0x00, 0x00, 0x00, 0x00, 0x00, 0x00, 0x00, 0x00, 0x00, 0x00, 0x00, 0x00,
	0x00, 0x00, 0x00, 0x00, 0x00, 0x00, 0x00, 0x00, 0x00, 0x00, 0x00, 0x00,
	0x00, 0x00, 0x00, 0x00, 0x00, 0x00, 0x00, 0x00, 0x00, 0x00, 0x00, 0x00,
	0x00, 0x00, 0x00, 0x00, 0x00, 0x00, 0x00, 0x00, 0x00, 0x00, 0x00, 0x00,
	0x00, 0x00, 0x00, 0x00, 0x00, 0x00, 0x00, 0x00, 0x00, 0x00, 0x00, 0x00,
	0x00, 0x00, 0x00, 0x00, 0x00, 0x00, 0x00, 0x00, 0x00, 0x00, 0x00, 0x00,
	0x00, 0x00, 0x00, 0x00, 0x00, 0x00, 0x00, 0x00, 0x00, 0x00, 0x00, 0x00,
	0x00, 0x00, 0x00, 0x00, 0x00, 0x00, 0x00, 0x00, 0x00, 0x00, 0x00, 0x00,
	0x00, 0x00, 0x00, 0x00, 0x00, 0x00, 0x00, 0x00, 0x00, 0x00, 0x00, 0x00,
	0x00, 0x00, 0x00, 0x00, 0x00, 0x00, 0x00, 0x00, 0x00, 0x00, 0x00, 0x00,
	0x00, 0x00, 0x00, 0x00, 0x00, 0x00, 0x00, 0x00, 0x00, 0x00, 0x00, 0x00,
	0x00, 0x00, 0x00, 0x00, 0x00, 0x00, 0x00, 0x00, 0x00, 0x00, 0x00, 0x00,
	0x00, 0x00, 0x00, 0x00, 0x00, 0x00, 0x00, 0x00, 0x00, 0x00, 0x00, 0x00,
	0x00, 0x00, 0x00, 0x00, 0x00, 0x00, 0x00, 0x00, 0x00, 0x00, 0x00, 0x00,
	0x00, 0x00, 0x00, 0x00, 0x00, 0x00, 0x00, 0x00, 0x00, 0x00, 0x00, 0x00,
	0x00, 0x00, 0x00, 0x00, 0x00, 0x00, 0x00, 0x00, 0x00, 0x00, 0x00, 0x00,
	0x00, 0x00, 0x00, 0x00, 0x00, 0x00, 0x00, 0x00, 0x00, 0x00, 0x00, 0x00,
	0x00, 0x00, 0x00, 0x00, 0x00, 0x00, 0x00, 0x00, 0x00, 0x00, 0x00, 0x00,
	0x00, 0x00, 0x00, 0x00, 0x00, 0x00, 0x00, 0x00, 0x00, 0x00, 0x00, 0x00,
	0x00, 0x00, 0x00, 0x00, 0x00, 0x00, 0x00, 0x00, 0x00, 0x00, 0x00, 0x00,
	0x00, 0x00, 0x00, 0x00, 0x00, 0x00, 0x00, 0x00, 0x00, 0x00, 0x00, 0x00,
	0x00, 0x00, 0x00, 0x00, 0x00, 0x00, 0x00, 0x00, 0x00, 0x00, 0x00, 0x00,
	0x00, 0x00, 0x00, 0x00, 0x00, 0x00, 0x00, 0x00, 0x00, 0x00, 0x00, 0x00,
	0x00, 0x00, 0x00, 0x00, 0x00, 0x00, 0x00, 0x00, 0x00, 0x00, 0x00, 0x00,
	0x00, 0x00, 0x00, 0x00, 0x00, 0x00, 0x00, 0x00, 0x00, 0x00, 0x00, 0x00,
	0x00, 0x00, 0x00, 0x00, 0x00, 0x00, 0x00, 0x00, 0x00, 0x00, 0x00, 0x00,
	0x00, 0x00, 0x00, 0x00, 0x00, 0x00, 0x00, 0x00, 0x00, 0x00, 0x00, 0x00,
	0x00, 0x00, 0x00, 0x00, 0x00, 0x00, 0x00, 0x00, 0x00, 0x00, 0x00, 0x00,
	0x00, 0x00, 0x00, 0x00, 0x00, 0x00, 0x00, 0x00, 0x00, 0x00, 0x00, 0x00,
	0x00, 0x00, 0x00, 0x00, 0x00, 0x00, 0x00, 0x00, 0x00, 0x00, 0x00, 0x00,
	0x00, 0x00, 0x00, 0x00, 0x00, 0x00, 0x00, 0x00, 0x00, 0x00, 0x00, 0x00,
	0x00, 0x00, 0x00, 0x00, 0x00, 0x00, 0x00, 0x00, 0x00, 0x00, 0x00, 0x00,
	0x00, 0x00, 0x00, 0x00, 0x00, 0x00, 0x00, 0x00, 0x00, 0x00, 0x00, 0x00,
	0x00, 0x00, 0x00, 0x00, 0x00, 0x00, 0x00, 0x00, 0x00, 0x00, 0x00, 0x00,
	0x00, 0x00, 0x00, 0x00, 0x00, 0x00, 0x00, 0x00, 0x00, 0x00, 0x00, 0x00,
	0x00, 0x00, 0x00, 0x00, 0x00, 0x00, 0x00, 0x00, 0x00, 0x00, 0x00, 0x00,
	0x00, 0x00, 0x00, 0x00, 0x00, 0x00, 0x00, 0x00, 0x00, 0x00, 0x00, 0x00,
	0x00, 0x00, 0x00, 0x00, 0x00, 0x00, 0x00, 0x00, 0x00, 0x00, 0x00, 0x00,
	0x00, 0x00, 0x00, 0x00, 0x00, 0x00, 0x00, 0x00, 0x00, 0x00, 0x00, 0x00,
	0x00, 0x00, 0x00, 0x00, 0x00, 0x00, 0x00, 0x00, 0x00, 0x00, 0x00, 0x00,
	0x00, 0x00, 0x00, 0x00, 0x00, 0x00, 0x00, 0x00, 0x00, 0x00, 0x00, 0x00,
	0x00, 0x00, 0x00, 0x00, 0x00, 0x00, 0x00, 0x00, 0x00, 0x00, 0x00, 0x00,
	0x00, 0x00, 0x00, 0x00, 0x00, 0x00, 0x00, 0x00, 0x00, 0x00, 0x00, 0x00,
	0x00, 0x00, 0x00, 0x00, 0x00, 0x00, 0x00, 0x00, 0x00, 0x00, 0x00, 0x00,
	0x00, 0x00, 0x00, 0x00, 0x00, 0x00, 0x00, 0x00, 0x00, 0x00, 0x00, 0x00,
	0x00, 0x00, 0x00, 0x00, 0x00, 0x00, 0x00, 0x00, 0x00, 0x00, 0x00, 0x00,
	0x00, 0x00, 0x00, 0x00, 0x00, 0x00, 0x00, 0x00, 0x00, 0x00, 0x00, 0x00,
	0x00, 0x00, 0x00, 0x00, 0x00, 0x00, 0x00, 0x00, 0x00, 0x00, 0x00, 0x00,
	0x00, 0x00, 0x00, 0x00, 0x00, 0x00, 0x00, 0x00, 0x00, 0x00, 0x00, 0x00,
	0x00, 0x00, 0x00, 0x00, 0x00, 0x00, 0x00, 0x00, 0x00, 0x00, 0x00, 0x00,
	0x00, 0x00, 0x00, 0x00, 0x00, 0x00, 0x00, 0x00, 0x00, 0x00, 0x00, 0x00,
	0x00, 0x00, 0x00, 0x00, 0x00, 0x00, 0x00, 0x00, 0x00, 0x00, 0x00, 0x00,
	0x00, 0x00, 0x00, 0x00, 0x00, 0x00, 0x00, 0x00, 0x00, 0x00, 0x00, 0x00,
	0x00, 0x00, 0x00, 0x00, 0x00, 0x00, 0x00, 0x00, 0x00, 0x00, 0x00, 0x00,
	0x00, 0x00, 0x00, 0x00, 0x00, 0x00, 0x00, 0x00, 0x00, 0x00, 0x00, 0x00,
	0x00, 0x00, 0x00, 0x00, 0x00, 0x00, 0x00, 0x00, 0x00, 0x00, 0x00, 0x00,
	0x00, 0x00, 0x00, 0x00, 0x00, 0x00, 0x00, 0x00, 0x00, 0x00, 0x00, 0x00,
	0x00, 0x00, 0x00, 0x00, 0x00, 0x00, 0x00, 0x00, 0x00, 0x00, 0x00, 0x00,
	0x00, 0x00, 0x00, 0x00, 0x00, 0x00, 0x00, 0x00, 0x00, 0x00, 0x00, 0x00,
	0x00, 0x00, 0x00, 0x00, 0x00, 0x00, 0x00, 0x00, 0x00, 0x00, 0x00, 0x00,
	0x00, 0x00, 0x00, 0x00, 0x00, 0x00, 0x00, 0x00, 0x00, 0x00, 0x00, 0x00,
	0x00, 0x00, 0x00, 0x00, 0x00, 0x00, 0x00, 0x00, 0x00, 0x00, 0x00, 0x00,
	0x00, 0x00, 0x00, 0x00, 0x00, 0x00, 0x00, 0x00, 0x00, 0x00, 0x00, 0x00,
	0x00, 0x00, 0x00, 0x00, 0x00, 0x00, 0x00, 0x00, 0x00, 0x00, 0x00, 0x00,
	0x00, 0x00, 0x00, 0x00, 0x00, 0x00, 0x00, 0x00, 0x00, 0x00, 0x00, 0x00,
	0x00, 0x00, 0x00, 0x00, 0x00, 0x00, 0x00, 0x00, 0x00, 0x00, 0x00, 0x00,
	0x00, 0x00, 0x00, 0x00, 0x00, 0x00, 0x00, 0x00, 0x00, 0x00, 0x00, 0x00,
	0x00, 0x00, 0x00, 0x00, 0x00, 0x00, 0x00, 0x00, 0x00, 0x00, 0x00, 0x00,
	0x00, 0x00, 0x00, 0x00, 0x00, 0x00, 0x00, 0x00, 0x00, 0x00, 0x00, 0x00,
	0x00, 0x00, 0x00, 0x00, 0x00, 0x00, 0x00, 0x00, 0x00, 0x00, 0x00, 0x00,
	0x00, 0x00, 0x00, 0x00, 0x00, 0x00, 0x00, 0x00, 0x00, 0x00, 0x00, 0x00,
	0x00, 0x00, 0x00, 0x00, 0x00, 0x00, 0x00, 0x00, 0x00, 0x00, 0x00, 0x00,
	0x00, 0x00, 0x00, 0x00, 0x00, 0x00, 0x00, 0x00, 0x00, 0x00, 0x00, 0x00,
	0x00, 0x00, 0x00, 0x00, 0x00, 0x00, 0x00, 0x00, 0x00, 0x00, 0x00, 0x00,
	0x00, 0x00, 0x00, 0x00, 0x00, 0x00, 0x00, 0x00, 0x00, 0x00, 0x00, 0x00,
	0x00, 0x00, 0x00, 0x00, 0x00, 0x00, 0x00, 0x00, 0x00, 0x00, 0x00, 0x00,
	0x00, 0x00, 0x00, 0x00, 0x00, 0x00, 0x00, 0x00, 0x00, 0x00, 0x00, 0x00,
	0x00, 0x00, 0x00, 0x00, 0x00, 0x00, 0x00, 0x00, 0x00, 0x00, 0x00, 0x00,
	0x00, 0x00, 0x00, 0x00, 0x00, 0x00, 0x00, 0x00, 0x00, 0x00, 0x00, 0x00,
	0x00, 0x00, 0x00, 0x00, 0x00, 0x00, 0x00, 0x00, 0x00, 0x00, 0x00, 0x00,
	0x00, 0x00, 0x00, 0x00, 0x00, 0x00, 0x00, 0x00, 0x00, 0x00, 0x00, 0x00,
	0x00, 0x00, 0x00, 0x00, 0x00, 0x00, 0x00, 0x00, 0x00, 0x00, 0x00, 0x00,
	0x00, 0x00, 0x00, 0x00, 0x00, 0x00, 0x00, 0x00, 0x00, 0x00, 0x00, 0x00,
	0x00, 0x00, 0x00, 0x00, 0x00, 0x00, 0x00, 0x00, 0x00, 0x00, 0x00, 0x00,
	0x00, 0x00, 0x00, 0x00, 0x00, 0x00, 0x00, 0x00, 0x00, 0x00, 0x00, 0x00,
	0x00, 0x00, 0x00, 0x00, 0x00, 0x00, 0x00, 0x00, 0x00, 0x00, 0x00, 0x00,
	0x00, 0x00, 0x00, 0x00, 0x00, 0x00, 0x00, 0x00, 0x00, 0x00, 0x00, 0x00,
	0x00, 0x00, 0x00, 0x00, 0x00, 0x00, 0x00, 0x00, 0x00, 0x00, 0x00, 0x00,
	0x00, 0x00, 0x00, 0x00, 0x00, 0x00, 0x00, 0x00, 0x00, 0x00, 0x00, 0x00,
	0x00, 0x00, 0x00, 0x00, 0x00, 0x00, 0x00, 0x00, 0x00, 0x00, 0x00, 0x00,
	0x00, 0x00, 0x00, 0x00, 0x00, 0x00, 0x00, 0x00, 0x00, 0x00, 0x00, 0x00,
	0x00, 0x00, 0x00, 0x00, 0x00, 0x00, 0x00, 0x00, 0x00, 0x00, 0x00, 0x00,
	0x00, 0x00, 0x00, 0x00, 0x00, 0x00, 0x00, 0x00, 0x00, 0x00, 0x00, 0x00,
	0x00, 0x00, 0x00, 0x00, 0x00, 0x00, 0x00, 0x00, 0x00, 0x00, 0x00, 0x00,
	0x00, 0x00, 0x00, 0x00, 0x00, 0x00, 0x00, 0x00, 0x00, 0x00, 0x00, 0x00,
	0x00, 0x00, 0x00, 0x00, 0x00, 0x00, 0x00, 0x00, 0x00, 0x00, 0x00, 0x00,
	0x00, 0x00, 0x00, 0x00, 0x00, 0x00, 0x00, 0x00, 0x00, 0x00, 0x00, 0x00,
	0x00, 0x00, 0x00, 0x00, 0x00, 0x00, 0x00, 0x00, 0x00, 0x00, 0x00, 0x00,
	0x00, 0x00, 0x00, 0x00, 0x00, 0x00, 0x00, 0x00, 0x00, 0x00, 0x00, 0x00,
	0x00, 0x00, 0x00, 0x00, 0x00, 0x00, 0x00, 0x00, 0x00, 0x00, 0x00, 0x00,
	0x00, 0x00, 0x00, 0x00, 0x00, 0x00, 0x00, 0x00, 0x00, 0x00, 0x00, 0x00,
	0x00, 0x00, 0x00, 0x00, 0x00, 0x00, 0x00, 0x00, 0x00, 0x00, 0x00, 0x00,
	0x00, 0x00, 0x00, 0x00, 0x00, 0x00, 0x00, 0x00, 0x00, 0x00, 0x00, 0x00,
	0x00, 0x00, 0x00, 0x00, 0x00, 0x00, 0x00, 0x00, 0x00, 0x00, 0x00, 0x00,
	0x00, 0x00, 0x00, 0x00, 0x00, 0x00, 0x00, 0x00, 0x00, 0x00, 0x00, 0x00,
	0x00, 0x00, 0x00, 0x00, 0x00, 0x00, 0x00, 0x00, 0x00, 0x00, 0x00, 0x00,
	0x00, 0x00, 0x00, 0x00, 0x00, 0x00, 0x00, 0x00, 0x00, 0x00, 0x00, 0x00,
	0x00, 0x00, 0x00, 0x00, 0x00, 0x00, 0x00, 0x00, 0x00, 0x00, 0x00, 0x00,
	0x00, 0x00, 0x00, 0x00, 0x00, 0x00, 0x00, 0x00, 0x00, 0x00, 0x00, 0x00,
	0x00, 0x00, 0x00, 0x00, 0x00, 0x00, 0x00, 0x00, 0x00, 0x00, 0x00, 0x00,
	0x00, 0x00, 0x00, 0x00, 0x00, 0x00, 0x00, 0x00, 0x00, 0x00, 0x00, 0x00,
	0x00, 0x00, 0x00, 0x00, 0x00, 0x00, 0x00, 0x00, 0x00, 0x00, 0x00, 0x00,
	0x00, 0x00, 0x00, 0x00, 0x00, 0x00, 0x00, 0x00, 0x00, 0x00, 0x00, 0x00,
	0x00, 0x00, 0x00, 0x00, 0x00, 0x00, 0x00, 0x00, 0x00, 0x00, 0x00, 0x00,
	0x00, 0x00, 0x00, 0x00, 0x00, 0x00, 0x00, 0x00, 0x00, 0x00, 0x00, 0x00,
	0x00, 0x00, 0x00, 0x00, 0x00, 0x00, 0x00, 0x00, 0x00, 0x00, 0x00, 0x00,
	0x00, 0x00, 0x00, 0x00, 0x00, 0x00, 0x00, 0x00, 0x00, 0x00, 0x00, 0x00,
	0x00, 0x00, 0x00, 0x00, 0x00, 0x00, 0x00, 0x00, 0x00, 0x00, 0x00, 0x00,
	0x00, 0x00, 0x00, 0x00, 0x00, 0x00, 0x00, 0x00, 0x00, 0x00, 0x00, 0x00,
	0x00, 0x00, 0x00, 0x00, 0x00, 0x00, 0x00, 0x00, 0x00, 0x00, 0x00, 0x00,
	0x00, 0x00, 0x00, 0x00, 0x00, 0x00, 0x00, 0x00, 0x00, 0x00, 0x00, 0x00,
	0x00, 0x00, 0x00, 0x00, 0x00, 0x00, 0x00, 0x00, 0x00, 0x00, 0x00, 0x00,
	0x00, 0x00, 0x00, 0x00, 0x00, 0x00, 0x00, 0x00, 0x00, 0x00, 0x00, 0x00,
	0x00, 0x00, 0x00, 0x00, 0x00, 0x00, 0x00, 0x00, 0x00, 0x00, 0x00, 0x00,
	0x00, 0x00, 0x00, 0x00, 0x00, 0x00, 0x00, 0x00, 0x00, 0x00, 0x00, 0x00,
	0x00, 0x00, 0x00, 0x00, 0x00, 0x00, 0x00, 0x00, 0x00, 0x00, 0x00, 0x00,
	0x00, 0x00, 0x00, 0x00, 0x00, 0x00, 0x00, 0x00, 0x00, 0x00, 0x00, 0x00,
	0x00, 0x00, 0x00, 0x00, 0x00, 0x00, 0x00, 0x00, 0x00, 0x00, 0x00, 0x00,
	0x00, 0x00, 0x00, 0x00, 0x00, 0x00, 0x00, 0x00, 0x00, 0x00, 0x00, 0x00,
	0x00, 0x00, 0x00, 0x00, 0x00, 0x00, 0x00, 0x00, 0x00, 0x00, 0x00, 0x00,
	0x00, 0x00, 0x00, 0x00, 0x00, 0x00, 0x00, 0x00, 0x00, 0x00, 0x00, 0x00,
	0x00, 0x00, 0x00, 0x00, 0x00, 0x00, 0x00, 0x00, 0x00, 0x00, 0x00, 0x00,
	0x00, 0x00, 0x00, 0x00, 0x00, 0x00, 0x00, 0x00, 0x00, 0x00, 0x00, 0x00,
	0x00, 0x00, 0x00, 0x00, 0x00, 0x00, 0x00, 0x00, 0x00, 0x00, 0x00, 0x00,
	0x00, 0x00, 0x00, 0x00, 0x00, 0x00, 0x00, 0x00, 0x00, 0x00, 0x00, 0x00,
	0x00, 0x00, 0x00, 0x00, 0x00, 0x00, 0x00, 0x00, 0x00, 0x00, 0x00, 0x00,
	0x00, 0x00, 0x00, 0x00, 0x00, 0x00, 0x00, 0x00, 0x00, 0x00, 0x00, 0x00,
	0x00, 0x00, 0x00, 0x00, 0x00, 0x00, 0x00, 0x00, 0x00, 0x00, 0x00, 0x00,
	0x00, 0x00, 0x00, 0x00, 0x00, 0x00, 0x00, 0x00, 0x00, 0x00, 0x00, 0x00,
	0x00, 0x00, 0x00, 0x00, 0x00, 0x00, 0x00, 0x00, 0x00, 0x00, 0x00, 0x00,
	0x00, 0x00, 0x00, 0x00, 0x00, 0x00, 0x00, 0x00, 0x00, 0x00, 0x00, 0x00,
	0x00, 0x00, 0x00, 0x00, 0x00, 0x00, 0x00, 0x00, 0x00, 0x00, 0x00, 0x00,
	0x00, 0x00, 0x00, 0x00, 0x00, 0x00, 0x00, 0x00, 0x00, 0x00, 0x00, 0x00,
	0x00, 0x00, 0x00, 0x00, 0x00, 0x00, 0x00, 0x00, 0x00, 0x00, 0x00, 0x00,
	0x00, 0x00, 0x00, 0x00, 0x00, 0x00, 0x00, 0x00, 0x00, 0x00, 0x00, 0x00,
	0x00, 0x00, 0x00, 0x00, 0x00, 0x00, 0x00, 0x00, 0x00, 0x00, 0x00, 0x00,
	0x00, 0x00, 0x00, 0x00, 0x00, 0x00, 0x00, 0x00, 0x00, 0x00, 0x00, 0x00,
	0x00, 0x00, 0x00, 0x00, 0x00, 0x00, 0x00, 0x00, 0x00, 0x00, 0x00, 0x00,
	0x00, 0x00, 0x00, 0x00, 0x00, 0x00, 0x00, 0x00, 0x00, 0x00, 0x00, 0x00,
	0x00, 0x00, 0x00, 0x00, 0x00, 0x00, 0x00, 0x00, 0x00, 0x00, 0x00, 0x00,
	0x00, 0x00, 0x00, 0x00, 0x00, 0x00, 0x00, 0x00, 0x00, 0x00, 0x00, 0x00,
	0x00, 0x00, 0x00, 0x00, 0x00, 0x00, 0x00, 0x00, 0x00, 0x00, 0x00, 0x00,
	0x00, 0x00, 0x00, 0x00, 0x00, 0x00, 0x00, 0x00, 0x00, 0x00, 0x00, 0x00,
	0x00, 0x00, 0x00, 0x00, 0x00, 0x00, 0x00, 0x00, 0x00, 0x00, 0x00, 0x00,
	0x00, 0x00, 0x00, 0x00, 0x00, 0x00, 0x00, 0x00, 0x00, 0x00, 0x00, 0x00,
	0x00, 0x00, 0x00, 0x00, 0x00, 0x00, 0x00, 0x00, 0x00, 0x00, 0x00, 0x00,
	0x00, 0x00, 0x00, 0x00, 0x00, 0x00, 0x00, 0x00, 0x00, 0x00, 0x00, 0x00,
	0x00, 0x00, 0x00, 0x00, 0x00, 0x00, 0x00, 0x00, 0x00, 0x00, 0x00, 0x00,
	0x00, 0x00, 0x00, 0x00, 0x00, 0x00, 0x00, 0x00, 0x00, 0x00, 0x00, 0x00,
	0x00, 0x00, 0x00, 0x00, 0x00, 0x00, 0x00, 0x00, 0x00, 0x00, 0x00, 0x00,
	0x00, 0x00, 0x00, 0x00, 0x00, 0x00, 0x00, 0x00, 0x00, 0x00, 0x00, 0x00,
	0x00, 0x00, 0x00, 0x00, 0x00, 0x00, 0x00, 0x00, 0x00, 0x00, 0x00, 0x00,
	0x00, 0x00, 0x00, 0x00, 0x00, 0x00, 0x00, 0x00, 0x00, 0x00, 0x00, 0x00,
	0x00, 0x00, 0x00, 0x00, 0x00, 0x00, 0x00, 0x00, 0x00, 0x00, 0x00, 0x00,
	0x00, 0x00, 0x00, 0x00
};
UINT32 gba_bios_bin_len = 16384;

#endif // !_GBA_BIOS_
